마을명,시군구명,읍면동명,법정동코드,행정리명,관광지명,관광지유형
남원1리마을,서귀포시,남원읍,50130253,남원1리,금호제주리조트 아쿠아나,워터파크
남원1리마을,서귀포시,남원읍,50130253,남원1리,큰엉해안경승지,자연명소
남원1리마을,서귀포시,남원읍,50130253,남원1리,코코몽 에코파크,테마파크
수망리마을,서귀포시,남원읍,50130253,수망리,마흐니 숲길,숲길
수망리마을,서귀포시,남원읍,50130253,수망리,물영아리오름,오름
신례1리마을,서귀포시,남원읍,50130253,신례1리,양금석가옥,문화재
신례1리마을,서귀포시,남원읍,50130253,신례1리,동백포레스트,식물원+수목원
신례1리마을,서귀포시,남원읍,50130253,신례1리,이승이오름(이승악),오름
신례1리마을,서귀포시,남원읍,50130253,신례1리,사라오름,오름
신례1리마을,서귀포시,남원읍,50130253,신례1리,휴애리 자연생활공원,자연공원
신례1리마을,서귀포시,남원읍,50130253,신례1리,제주 신례리 왕벚나무 자생지,천연기념물
신례2리마을,서귀포시,남원읍,50130253,신례2리,공천포구,포구
신흥2리마을,서귀포시,남원읍,50130253,신흥2리,예절이오름(여절악),오름
위미1리마을,서귀포시,남원읍,50130253,위미1리,스프링데일CC,골프장
위미1리마을,서귀포시,남원읍,50130253,위미1리,이음새,체험
위미3리마을,서귀포시,남원읍,50130253,위미3리,위미동백나무군락,기념물
위미3리마을,서귀포시,남원읍,50130253,위미3리,"자배봉(자배오름, 망오름)",오름
위미3리마을,서귀포시,남원읍,50130253,위미3리,태웃개,체험
의귀리마을,서귀포시,남원읍,50130253,의귀리,의귀리 김만일묘역,문화재
태흥2리마을,서귀포시,남원읍,50130253,태흥2리,옥돔마을,관광
하례1리마을,서귀포시,남원읍,50130253,하례1리,걸서악오름,오름
하례1리마을,서귀포시,남원읍,50130253,하례1리,제주농업생태원,체험
하례2리마을,서귀포시,남원읍,50130253,하례2리,효명사,사찰
하례2리마을,서귀포시,남원읍,50130253,하례2리,고살리숲길,숲길
하례2리마을,서귀포시,남원읍,50130253,하례2리,수악,오름
한남리마을,서귀포시,남원읍,50130253,한남리,머체왓숲길,숲길
한남리마을,서귀포시,남원읍,50130253,한남리,사려니오름,오름
가파리마을 ,서귀포시,대정읍,50130250,가파리,가파도,섬
구억마을,서귀포시,대정읍,50130250,구억리,노리매,테마파크
마라리마을,서귀포시,대정읍,50130250,마라리,대한민국최남단비,기념물
마라리마을,서귀포시,대정읍,50130250,마라리,마라도 등대,등대
마라리마을,서귀포시,대정읍,50130250,마라리,초콜렛캐슬,박물관
마라리마을,서귀포시,대정읍,50130250,마라리,마라도,섬
마라리마을,서귀포시,대정읍,50130250,마라리,가파초등학교 마라분교장,포토스팟
무릉도원마을,서귀포시,대정읍,50130250,무릉2리,무릉곶자왈,숲
보성리마을,서귀포시,대정읍,50130250,보성리,엉클리틀,관광농원
보성리마을,서귀포시,대정읍,50130250,보성리,제주곶자왈도립공원,도립공원
상모1리마을,서귀포시,대정읍,50130250,상모1리,발자국화석공원,자연명소
상모3리마을,서귀포시,대정읍,50130250,상모3리,송악산진지동굴,동굴
상모3리마을,서귀포시,대정읍,50130250,상모3리,송악카트체험장,레포츠시설
상모3리마을,서귀포시,대정읍,50130250,상모3리,알뜨르비행장,문화유적지
상모3리마을,서귀포시,대정읍,50130250,상모3리,섯알오름 ,오름 
상모3리마을,서귀포시,대정읍,50130250,상모3리,송악산 전망대,전망대 
안성리마을,서귀포시,대정읍,50130250,안성리,제주 추사관,유적지
영락리마을,서귀포시,대정읍,50130250,영락리,제주도예촌,관람
일과2리마을,서귀포시,대정읍,50130250,일과2리,초콜릿박물관,박물관
하모1리마을,서귀포시,대정읍,50130250,하모1리,하모해변,해변
고성리마을,서귀포시,성산읍,50130259,고성리,제주커피박물관 Baum,박물관
고성리마을,서귀포시,성산읍,50130259,고성리,대수산봉,오름
고성리마을,서귀포시,성산읍,50130259,고성리,빛의벙커,전시관
난산리마을,서귀포시,성산읍,50130259,난산리,쿠지홀리데이팜,관광농원
난산리마을,서귀포시,성산읍,50130259,난산리,아일랜드플라워,농장카페
난산리마을,서귀포시,성산읍,50130259,난산리,모구리오름,오름
난산리마을,서귀포시,성산읍,50130259,난산리,유건에오름,오름
난산리마을,서귀포시,성산읍,50130259,난산리,베니스랜드,테마파크
삼달1리마을,서귀포시,성산읍,50130259,삼달1리,김영갑갤러리두모악,갤러리
삼달1리마을,서귀포시,성산읍,50130259,삼달1리,고흐의정원,관람
삼달1리마을,서귀포시,성산읍,50130259,삼달1리,블루마운틴4255,복합문화공간
삼달2리마을,서귀포시,성산읍,50130259,삼달2리,미천굴,동굴
삼달2리마을,서귀포시,성산읍,50130259,삼달2리,일출랜드,테마파크
성산리마을,서귀포시,성산읍,50130259,성산리,성산일출봉,봉우리
성산리마을,서귀포시,성산읍,50130259,성산리,성산포항,자연명소
수산1리마을,서귀포시,성산읍,50130259,수산1리,대왕산,산
신산리마을,서귀포시,성산읍,50130259,신산리,통오름,오름
신양리마을,서귀포시,성산읍,50130259,신양리,쇠와꽃승마장,승마장
신양리마을,서귀포시,성산읍,50130259,신양리,아쿠아플라넷 제주,아쿠아리움
신양리마을,서귀포시,성산읍,50130259,신양리,붉은오름,오름
신양리마을,서귀포시,성산읍,50130259,신양리,소수산봉,오름
신양리마을,서귀포시,성산읍,50130259,신양리,섭지코지,자연명소
신양리마을,서귀포시,성산읍,50130259,신양리,광치기해변,해변
어멍아방잔치마을,서귀포시,성산읍,50130259,신풍리,아비앙또정원,정원
오조리마을,서귀포시,성산읍,50130259,오조리,식산봉,오름
오조리마을,서귀포시,성산읍,50130259,오조리,오조포구,포구
혼인지마을,서귀포시,성산읍,50130259,온평리,혼인지마을,체험마을
감산리마을,서귀포시,안덕면,50130310,감산리,안덕계곡,계곡
감산리마을,서귀포시,안덕면,50130310,감산리,감귤체험농장 예래팜 본점,관람+체험
감산리마을,서귀포시,안덕면,50130310,감산리,월라봉 진지동굴(안덕면),동굴
감산리마을,서귀포시,안덕면,50130310,감산리,건강과성박물관,박물관
감산리마을,서귀포시,안덕면,50130310,감산리,볼레낭길,숲
감산리마을,서귀포시,안덕면,50130310,감산리,월나봉(도래오름),오름
감산리마을,서귀포시,안덕면,50130310,감산리,창고천생태공원,자연+생태공원
감산리마을,서귀포시,안덕면,50130310,감산리,박수기정,지역명소
광평리마을,서귀포시,안덕면,50130310,광평리,왕이메오름,오름
광평리마을,서귀포시,안덕면,50130310,광평리,돔박이오름,오름
대평리마을,서귀포시,안덕면,50130310,대평리,군산,오름
대평리마을,서귀포시,안덕면,50130310,대평리,대평포구,항구
덕수리마을,서귀포시,안덕면,50130310,덕수리,은하감귤체험농장,과실재배
덕수리마을,서귀포시,안덕면,50130310,덕수리,감귤밭미즈허팜,과실재배
덕수리마을,서귀포시,안덕면,50130310,덕수리,미령이네,관광농원
덕수리마을,서귀포시,안덕면,50130310,덕수리,마노르블랑,식물원
덕수리마을,서귀포시,안덕면,50130310,덕수리,하영담아감귤농장,유기농산물
덕수리마을,서귀포시,안덕면,50130310,덕수리,루나폴,테마파크
동광마을,서귀포시,안덕면,50130310,동광리,제주아트서커스,공연장
동광마을,서귀포시,안덕면,50130310,동광리,무등이왓터,문화유적지
동광마을,서귀포시,안덕면,50130310,동광리,삼밭구석,문화유적지
동광마을,서귀포시,안덕면,50130310,동광리,토이파크,박물관
동광마을,서귀포시,안덕면,50130310,동광리,조은승마장,승마장
동광마을,서귀포시,안덕면,50130310,동광리,당오름,오름
동광마을,서귀포시,안덕면,50130310,동광리,원물오름,오름
동광마을,서귀포시,안덕면,50130310,동광리,거린오름,오름
동광마을,서귀포시,안덕면,50130310,동광리,밝은오름,오름
동광마을,서귀포시,안덕면,50130310,동광리,감낭오름,오름
동광마을,서귀포시,안덕면,50130310,동광리,북오름,오름
사계리어촌체험휴양마을,서귀포시,안덕면,50130310,사계리,제주커피수목원,관광농원
사계리어촌체험휴양마을,서귀포시,안덕면,50130310,사계리,대정향교,문화유적지
사계리어촌체험휴양마을,서귀포시,안덕면,50130310,사계리,산방굴사,문화유적지
사계리어촌체험휴양마을,서귀포시,안덕면,50130310,사계리,형제섬,섬
사계리어촌체험휴양마을,서귀포시,안덕면,50130310,사계리,형제해안로전망대,전망대
사계리어촌체험휴양마을,서귀포시,안덕면,50130310,사계리,용머리하멜상선전시관,전시관
사계리어촌체험휴양마을,서귀포시,안덕면,50130310,사계리,산방산 랜드,테마파크
사계리어촌체험휴양마을,서귀포시,안덕면,50130310,사계리,용머리해안,해수욕장
사계리어촌체험휴양마을,서귀포시,안덕면,50130310,사계리,사계해변,해수욕장
상창리마을,서귀포시,안덕면,50130310,상창리,파더스가든,관광농원
상창리마을,서귀포시,안덕면,50130310,상창리,낭만농장 귤밭76번지,관광농원
상창리마을,서귀포시,안덕면,50130310,상창리,로빈맘금귤따기,관광농원
상창리마을,서귀포시,안덕면,50130310,상창리,피규어뮤지엄제주,박물관
상창리마을,서귀포시,안덕면,50130310,상창리,세계자동차&피아노 박물관,박물관
상창리마을,서귀포시,안덕면,50130310,상창리,카멜리아힐,식물원
상창리마을,서귀포시,안덕면,50130310,상창리,소병악오름,오름
상창리마을,서귀포시,안덕면,50130310,상창리,대병악오름,오름
상창리마을,서귀포시,안덕면,50130310,상창리,뽀로로 & 타요테마파크,테마파크
상창리마을,서귀포시,안덕면,50130310,상창리,헬로키티아일랜드,테마파크
상천리마을,서귀포시,안덕면,50130310,상천리,포도뮤지엄,미술관
상천리마을,서귀포시,안덕면,50130310,상천리,본태박물관,박물관
상천리마을,서귀포시,안덕면,50130310,상천리,수풍석 뮤지엄,박물관
상천리마을,서귀포시,안덕면,50130310,상천리,영아리,오름
상천리마을,서귀포시,안덕면,50130310,상천리,아라고나이트 고온천,온천
상천리마을,서귀포시,안덕면,50130310,상천리,무민랜드제주,전시관
서광동리마을,서귀포시,안덕면,50130310,서광동리,신화역사공원,자연공원
서광동리마을,서귀포시,안덕면,50130310,서광동리,이상한나라의 앨리스,지역명소
서광동리마을,서귀포시,안덕면,50130310,서광동리,서광리123카페,카페
서광동리마을,서귀포시,안덕면,50130310,서광동리,소인국테마파크,테마파크
서광서리마을,서귀포시,안덕면,50130310,서광서리,트로이테마농원,관광농원
서광서리마을,서귀포시,안덕면,50130310,서광서리,제주신화전설탐방로신나락만나락,관람+체험
서광서리마을,서귀포시,안덕면,50130310,서광서리,제주항공우주박물관,박물관
서광서리마을,서귀포시,안덕면,50130310,서광서리,오설록티뮤지엄,박물관
서광서리마을,서귀포시,안덕면,50130310,서광서리,신화워터파크,워터파크
서광서리마을,서귀포시,안덕면,50130310,서광서리,신화테마파크,테마파크
창천리마을,서귀포시,안덕면,50130310,창천리,신산오름,오름
화순리마을,서귀포시,안덕면,50130310,화순리,화순곶자왈생태탐방숲길,곶자왈
화순리마을,서귀포시,안덕면,50130310,화순리,화순금모래해변,해변
화순리마을,서귀포시,안덕면,50130310,화순리,화순금모래해수욕장 담수풀장,해수욕장풀장
가시리마을,서귀포시,표선면,50130320,가시리,갑선이오름,오름
가시리마을,서귀포시,표선면,50130320,가시리,설오름,오름
가시리마을,서귀포시,표선면,50130320,가시리,따라비오름,오름
가시리마을,서귀포시,표선면,50130320,가시리,대록산(큰사슴이오름),오름
가시리마을,서귀포시,표선면,50130320,가시리,가문이오름,오름
가시리마을,서귀포시,표선면,50130320,가시리,구두리오름,오름
가시리마을,서귀포시,표선면,50130320,가시리,마은이옆,오름
가시리마을,서귀포시,표선면,50130320,가시리,번널오름,오름
가시리마을,서귀포시,표선면,50130320,가시리,병곳오름,오름
가시리마을,서귀포시,표선면,50130320,가시리,붉은오름,오름
가시리마을,서귀포시,표선면,50130320,가시리,소록산,오름
가시리마을,서귀포시,표선면,50130320,가시리,여문영아리,오름
가시리마을,서귀포시,표선면,50130320,가시리,쳇망오름,오름
가시리마을,서귀포시,표선면,50130320,가시리,정석항공관,전시관
가시리마을,서귀포시,표선면,50130320,가시리,조랑말체험공원,테마파크
가시리마을,서귀포시,표선면,50130320,가시리,붉은오름자연휴양림,휴양림
성읍1리마을,서귀포시,표선면,50130320,성읍1리,장자오름,오름
성읍1리마을,서귀포시,표선면,50130320,성읍1리,영주산,오름
성읍1리마을,서귀포시,표선면,50130320,성읍1리,성읍무형문화재전수관,전시관
성읍1리마을,서귀포시,표선면,50130320,성읍1리,성읍랜드,테마파크
성읍2리마을,서귀포시,표선면,50130320,성읍2리,낙타트래킹,관람+체험
성읍2리마을,서귀포시,표선면,50130320,성읍2리,모지오름,오름
성읍2리마을,서귀포시,표선면,50130320,성읍2리,좌보미오름,오름
성읍2리마을,서귀포시,표선면,50130320,성읍2리,백약이오름,오름
성읍2리마을,서귀포시,표선면,50130320,성읍2리,개오름,오름
성읍2리마을,서귀포시,표선면,50130320,성읍2리,목장카페 드르쿰다,테마파크
성읍2리마을,서귀포시,표선면,50130320,성읍2리,다이다믹메이즈 제주,테마파크
세화2리마을,서귀포시,표선면,50130320,세화2리,매오름,오름
알토산마을,서귀포시,표선면,50130320,토산2리,토산봉,오름
알토산마을,서귀포시,표선면,50130320,토산2리,가세오름,오름
알토산마을,서귀포시,표선면,50130320,토산2리,알오름,오름
표선리마을,서귀포시,표선면,50130320,표선리,제주민속촌,민속촌
표선리마을,서귀포시,표선면,50130320,표선리,제주허브동산,식물원
표선리마을,서귀포시,표선면,50130320,표선리,표선해수욕장,해변
하천리마을,서귀포시,표선면,50130320,하천리,세계술박물관,박물관
하효마을,서귀포시,하효동,50130108,없음,쇠소깍,계곡
하효마을,서귀포시,하효동,50130108,없음,쇠소깍 해변,해변
호근동마을,서귀포시,호근동,50130104,없음,서귀포 치유의숲,숲
호근동마을,서귀포시,호근동,50130104,없음,각시바우오름,오름
호근동마을,서귀포시,호근동,50130104,없음,돔베낭골,자연명소
김녕리마을,제주시,구좌읍,50110256,김녕리,제주김녕미로공원,공원+수목원
김녕리마을,제주시,구좌읍,50110256,김녕리,김녕사굴,동굴
김녕리마을,제주시,구좌읍,50110256,김녕리,제주어른이집,레저+테마
김녕리마을,제주시,구좌읍,50110256,김녕리,김녕금속공예벽화마을,문화거리
김녕리마을,제주시,구좌읍,50110256,김녕리,묘산봉오름,오름
김녕리마을,제주시,구좌읍,50110256,김녕리,입산봉(삿갓오름),오름
김녕리마을,제주시,구좌읍,50110256,김녕리,청굴물,자연물
김녕리마을,제주시,구좌읍,50110256,김녕리,김녕성세기해변인증센터,자전거길
김녕리마을,제주시,구좌읍,50110256,김녕리,김녕항,항구
김녕리마을,제주시,구좌읍,50110256,김녕리,김녕해수욕장,해수욕장+해변
김녕리마을,제주시,구좌읍,50110256,김녕리,세기알 해변,해수욕장+해변
덕천리마을,제주시,구좌읍,50110256,덕천리,덕천리 팔자 좋아 길,마을길
덕천리마을,제주시,구좌읍,50110256,덕천리,북오름,오름
덕천리마을,제주시,구좌읍,50110256,덕천리,어대오름,오름
동복리마을,제주시,구좌읍,50110256,동복리,제주바다체험장,체험
동복리마을,제주시,구좌읍,50110256,동복리,동복관광체험어장,체험
상도리마을,제주시,구좌읍,50110256,상도리,해녀박물관,박물관
상도리마을,제주시,구좌읍,50110256,상도리,마이시크릿포레스트,자연공원
세화마을,제주시,구좌읍,50110256,세화리,다랑쉬굴,굴
세화마을,제주시,구좌읍,50110256,세화리,다랑쉬오름,오름
세화마을,제주시,구좌읍,50110256,세화리,세화해변,해변
송당리마을,제주시,구좌읍,50110256,송당리,SN박물관(스누피가든),관람공원
송당리마을,제주시,구좌읍,50110256,송당리,비밀의 숲,산림목
송당리마을,제주시,구좌읍,50110256,송당리,솔트리수목원,수목원
송당리마을,제주시,구좌읍,50110256,송당리,안돌오름,오름
송당리마을,제주시,구좌읍,50110256,송당리,밧돌오름,오름
송당리마을,제주시,구좌읍,50110256,송당리,아부오름,오름
송당리마을,제주시,구좌읍,50110256,송당리,거슨새미오름,오름
송당리마을,제주시,구좌읍,50110256,송당리,높은오름,오름
송당리마을,제주시,구좌읍,50110256,송당리,돛오름,오름
송당리마을,제주시,구좌읍,50110256,송당리,당오름,오름
송당리마을,제주시,구좌읍,50110256,송당리,비치미오름,오름
송당리마을,제주시,구좌읍,50110256,송당리,민오름,오름
송당리마을,제주시,구좌읍,50110256,송당리,안친오름,오름
송당리마을,제주시,구좌읍,50110256,송당리,성불오름,오름
송당리마을,제주시,구좌읍,50110256,송당리,문석이오름,오름
송당리마을,제주시,구좌읍,50110256,송당리,말방목공원,자연공원
송당리마을,제주시,구좌읍,50110256,송당리,동쪽송당,종합공원
월정리마을,제주시,구좌읍,50110256,월정리,만장굴,동굴
월정리마을,제주시,구좌읍,50110256,월정리,월정리해수욕장,해수욕장+해변
종달리마을,제주시,구좌읍,50110256,종달리,종달고망난돌쉼터,근린공원
종달리마을,제주시,구좌읍,50110256,종달리,용눈이오름,오름
종달리마을,제주시,구좌읍,50110256,종달리,손지오름,오름
종달리마을,제주시,구좌읍,50110256,종달리,지미봉,오름
종달리마을,제주시,구좌읍,50110256,종달리,동검은이오름,오름
종달리마을,제주시,구좌읍,50110256,종달리,종달리해변,해변
평대리마을,제주시,구좌읍,50110256,평대리,메이즈랜드,테마파크
평대리마을,제주시,구좌읍,50110256,평대리,평대리해변,해변
평대리마을,제주시,구좌읍,50110256,평대리,비자림,휴양림
하도리마을,제주시,구좌읍,50110256,하도리,문주란 자생지,관광+명소
하도리마을,제주시,구좌읍,50110256,하도리,하도리 철새도래지,관람공원
하도리마을,제주시,구좌읍,50110256,하도리,하도해변,해수욕장+해변
한동리마을,제주시,구좌읍,50110256,한동리,둔지봉,오름
고내리마을,제주시,애월읍,50110253,고내리,고내리 다락쉼터,공원
고내리마을,제주시,애월읍,50110253,고내리,고내리포구,포구
곽지리마을,제주시,애월읍,50110253,곽지리,문서프,서핑
곽지리마을,제주시,애월읍,50110253,곽지리,곽지해수욕장야영장,캠핑장
곽지리마을,제주시,애월읍,50110253,곽지리,곽지해수욕장,해수욕장
구엄어촌체험마을,제주시,애월읍,50110253,구엄리,구엄리돌염전,돌 염전
금성리마을,제주시,애월읍,50110253,금성리,갑자기 히어로즈 벽화길,벽화길
금성리마을,제주시,애월읍,50110253,금성리,금성포구,포구
납읍리마을,제주시,애월읍,50110253,납읍리,납읍난대림 금산공원,공원
소길리마을,제주시,애월읍,50110253,소길리,풋감마을 소길리 농어촌체험마을,체험마을
수산리마을,제주시,애월읍,50110253,수산리,물뫼힐링팜,농장
신엄리마을,제주시,애월읍,50110253,신엄리,중엄리새물,관람+체험
신엄리마을,제주시,애월읍,50110253,신엄리,남두연대,문화재
신엄리마을,제주시,애월읍,50110253,신엄리,신엄포구,포구
애월리마을,제주시,애월읍,50110253,애월리,애월연대,문화재
애월리마을,제주시,애월읍,50110253,애월리,한담해변,해변
어음2리마을,제주시,애월읍,50110253,어음2리,제주빅볼랜드,관람
어음2리마을,제주시,애월읍,50110253,어음2리,아르떼뮤지엄 제주,미술관
어음2리마을,제주시,애월읍,50110253,어음2리,큰바리메,오름
어음2리마을,제주시,애월읍,50110253,어음2리,빌레못동굴,천연기념물
어음2리마을,제주시,애월읍,50110253,어음2리,제주안전체험관,체험
어음2리마을,제주시,애월읍,50110253,어음2리,9.81파크,테마파크
유수암리마을,제주시,애월읍,50110253,유수암리,렛츠런파크 제주,경마장
유수암리마을,제주시,애월읍,50110253,유수암리,제주승마공원,승마장
유수암리마을,제주시,애월읍,50110253,유수암리,큰노꼬메오름,오름
유수암리마을,제주시,애월읍,50110253,유수암리,족은노꼬메오름,오름
유수암리마을,제주시,애월읍,50110253,유수암리,금덕무환자나무및팽나무군락,자연명소
유수암리마을,제주시,애월읍,50110253,유수암리,유수암마을,체험마을
유수암리마을,제주시,애월읍,50110253,유수암리,제주불빛정원,테마파크
장전리마을,제주시,애월읍,50110253,장전리,장전리 왕벚꽃축제길,거리+도로
하가리마을,제주시,애월읍,50110253,하가리,육시우영 ,문화유적지
하가리마을,제주시,애월읍,50110253,하가리,연화지,호수
하귀1리마을,제주시,애월읍,50110253,하귀1리,영모원,문화유적지
서광리마을,제주시,우도면,50110330,서광리,산호해수욕장,해변
조일리마을,제주시,우도면,50110330,조일리,하고수동해수욕장,해변
조일리마을,제주시,우도면,50110330,조일리,검멀레해수욕장,해변
천진리마을,제주시,우도면,50110330,천진리,우도등대공원,공원
천진리마을,제주시,우도면,50110330,천진리,우도정원,식물원
천진리마을,제주시,우도면,50110330,천진리,우도봉(쇠머리오름),오름
천진리마을,제주시,우도면,50110330,천진리,훈데르트바서파크,테마파크
교래삼다수마을,제주시,조천읍,50110259,교래리,제주돌문화공원,문화공원
교래삼다수마을,제주시,조천읍,50110259,교래리,바농오름,오름
교래삼다수마을,제주시,조천읍,50110259,교래리,큰지그리오름,오름
교래삼다수마을,제주시,조천읍,50110259,교래리,물찻오름,오름
교래삼다수마을,제주시,조천읍,50110259,교래리,방애오름,오름
교래삼다수마을,제주시,조천읍,50110259,교래리,돔배오름,오름
교래삼다수마을,제주시,조천읍,50110259,교래리,늡서리,오름
교래삼다수마을,제주시,조천읍,50110259,교래리,까끄래기오름,오름
교래삼다수마을,제주시,조천읍,50110259,교래리,말찻오름,오름
교래삼다수마을,제주시,조천읍,50110259,교래리,부소악,오름
교래삼다수마을,제주시,조천읍,50110259,교래리,족은지그리오름,오름
교래삼다수마을,제주시,조천읍,50110259,교래리,렛츠런팜 제주목장,오름
교래삼다수마을,제주시,조천읍,50110259,교래리,산굼부리,자연명소
교래삼다수마을,제주시,조천읍,50110259,교래리,제주센트럴파크,테마파크
교래삼다수마을,제주시,조천읍,50110259,교래리,제주에코랜드,테마파크
교래삼다수마을,제주시,조천읍,50110259,교래리,매드벤처,테마파크
교래삼다수마을,제주시,조천읍,50110259,교래리,교래자연휴양림,휴양림
대흘1리마을,제주시,조천읍,50110259,대흘1리,새미오름,오름
대흘1리마을,제주시,조천읍,50110259,대흘1리,꾀꼬리오름,오름
대흘2리마을,제주시,조천읍,50110259,대흘2리,제원하늘농원,관광농원
북촌리마을,제주시,조천읍,50110259,북촌리,북촌포구,항구
선흘1리마을,제주시,조천읍,50110259,선흘1리,부영농원,관광농원
선흘1리마을,제주시,조천읍,50110259,선흘1리,귤의정원바령,관광농원
선흘1리마을,제주시,조천읍,50110259,선흘1리,동백동산,숲길
선흘2리마을,제주시,조천읍,50110259,선흘2리,선녀와나무꾼,테마파크
선흘2리마을,제주시,조천읍,50110259,선흘2리,캐릭파크,테마파크
선흘2리마을,제주시,조천읍,50110259,선흘2리,포레스트 사파리,테마파크
신흥리마을,제주시,조천읍,50110259,신흥리,김택화미술관,관람
신흥리마을,제주시,조천읍,50110259,신흥리,신흥해수욕장,해수욕장
와흘메밀마을,제주시,조천읍,50110259,와흘리,새미동산,관광농원
와흘메밀마을,제주시,조천읍,50110259,와흘리,제주레포츠랜드,테마파크
와흘메밀마을,제주시,조천읍,50110259,와흘리,서프라이즈테마파크,테마파크
조천리마을,제주시,조천읍,50110259,조천리,제주항일기념관,박물관
함덕리마을,제주시,조천읍,50110259,함덕리,서우봉,오름
함덕리마을,제주시,조천읍,50110259,함덕리,함덕해수욕장,해수욕장
신양1리마을,제주시,추자면 ,50110320,신양1리,모진이 몽돌해안,해변
신양2리마을,제주시,추자면 ,50110320,신양2리,섬생이,무인도
예초리마을,제주시,추자면 ,50110320,예초리,돈대산,산
예초리마을,제주시,추자면 ,50110320,예초리,신대산 전망대,전망대
고산1리마을,제주시,한경면,50110310,고산1리,고산리유적안내센터,문화재
고산1리마을,제주시,한경면,50110310,고산1리,차귀도,섬
고산1리마을,제주시,한경면,50110310,고산1리,수월봉,오름
고산1리마을,제주시,한경면,50110310,고산1리,엉알해안,해수욕장
낙천리아홉굿마을,제주시,한경면,50110310,낙천리,낙천아홉굿마을 의자공원,마을공원
신창리마을,제주시,한경면,50110310,신창리,신창리포구,포구
용수리마을,제주시,한경면,50110310,용수리,성김대건신부제주표착기념관(용수성지),기념관
용수리마을,제주시,한경면,50110310,용수리,당산봉,오름
용수리마을,제주시,한경면,50110310,용수리,당산봉 알봉,오름
용수리마을,제주시,한경면,50110310,용수리,용수항(용수리포구),포구
저지리마을,제주시,한경면,50110310,저지리,방림원,공원
저지리마을,제주시,한경면,50110310,저지리,생각하는 정원,공원
저지리마을,제주시,한경면,50110310,저지리,환상숲곶자왈공원,공원
저지리마을,제주시,한경면,50110310,저지리,저지 예술인마을,관광공원
저지리마을,제주시,한경면,50110310,저지리,제주현대미술관,미술관
저지리마을,제주시,한경면,50110310,저지리,갤러리데이지,미술관
저지리마을,제주시,한경면,50110310,저지리,가메창오름,오름
저지리마을,제주시,한경면,50110310,저지리,마오름,오름
저지리마을,제주시,한경면,50110310,저지리,마중오름,오름
저지리마을,제주시,한경면,50110310,저지리,저지오름,오름
저지리마을,제주시,한경면,50110310,저지리,문화예술 공공수장고,전시관
저지리마을,제주시,한경면,50110310,저지리,유리의 성,전시관
조수1리마을,제주시,한경면,50110310,조수1리,수호농원,관광농원
조수1리마을,제주시,한경면,50110310,조수1리,송아오름,오름
청수농촌체험휴양마을,제주시,한경면,50110310,청수리,산양곶자왈,공원
청수농촌체험휴양마을,제주시,한경면,50110310,청수리,제주평화박물관,박물관
청수농촌체험휴양마을,제주시,한경면,50110310,청수리,청수곶자왈,숲
청수농촌체험휴양마을,제주시,한경면,50110310,청수리,가마오름,오름
판포리마을,제주시,한경면,50110310,판포리,판포오름,오름
판포리마을,제주시,한경면,50110310,판포리,비체올린,체험여행
신창리마을,제주시,한경면 ,50110310,신창리,싱계물 공원,공원
신창리마을,제주시,한경면 ,50110310,신창리,벌내물 공원,공원
신창리마을,제주시,한경면 ,50110310,신창리,신창풍차해안,해수욕장
귀덕1리마을,제주시,한림읍,50110250,귀덕1리,영등할망신화공원,공원
귀덕1리마을,제주시,한림읍,50110250,귀덕1리,귀덕연대,문화재
귀덕2리마을,제주시,한림읍,50110250,귀덕2리,이랜드뮤지엄,박물관
금능리마을,제주시,한림읍,50110250,금능리,배령연대,문화재
금능리마을,제주시,한림읍,50110250,금능리,금능석물원,테마파크
금능리마을,제주시,한림읍,50110250,금능리,금능포구,페리
금능리마을,제주시,한림읍,50110250,금능리,금능해수욕장,해수욕장
금악리마을,제주시,한림읍,50110250,금악리,탐나라공화국(제주남이섬),관람
금악리마을,제주시,한림읍,50110250,금악리,금오름(왕매),오름
금악리마을,제주시,한림읍,50110250,금악리,성클라라수도원 금악성당,자연명소
금악리마을,제주시,한림읍,50110250,금악리,성이시돌목장,자연목장
명월리마을,제주시,한림읍,50110250,명월리,명월팽나무군락,기념물
명월리마을,제주시,한림읍,50110250,명월리,명월성지,문화유적지
명월리마을,제주시,한림읍,50110250,명월리,프랑스샤르망,박물관
명월리마을,제주시,한림읍,50110250,명월리,명월국민학교,카페
비양리마을,제주시,한림읍,50110250,비양리,비양도,섬
상명리마을,제주시,한림읍,50110250,상명리,새시물,연못
상명리마을,제주시,한림읍,50110250,상명리,느지리오름,오름
수원리마을,제주시,한림읍,50110250,수원리,테우마을 수원리 농어촌체험마을,체험마을
수원리마을,제주시,한림읍,50110250,수원리,대수포구,항구
월령리마을,제주시,한림읍,50110250,월령리,진아영 할머니 집터,기념관
월령리마을,제주시,한림읍,50110250,월령리,월령선인장자생지,천연기념물
월령리마을,제주시,한림읍,50110250,월령리,월령포구,페리
월림리마을,제주시,한림읍,50110250,월림리,제주도립김창열미술관,미술관
월림리마을,제주시,한림읍,50110250,월림리,제주카트클럽,카트장
월림리마을,제주시,한림읍,50110250,월림리,더마파크,테마파크
협재리마을,제주시,한림읍,50110250,협재리,협재굴,동굴
협재리마을,제주시,한림읍,50110250,협재리,쌍용굴,동굴
협재리마을,제주시,한림읍,50110250,협재리,황금굴,동굴
협재리마을,제주시,한림읍,50110250,협재리,한림공원,식물원
협재리마을,제주시,한림읍,50110250,협재리,협재포구,포구
협재리마을,제주시,한림읍,50110250,협재리,협재해수욕장,해수욕장
금능리마을,제주시,한림읍 ,50110250,금능리,금능원담축제,축제
금악리마을,제주시,한림읍 ,50110250,금악리,힐하우스 스파,온천+스파
