마을명,시군구명,읍면동명,행정리명,관광지명,관광지유형,소재지도로명주소,소재지지번주소,위도,경도,면적,지정일자,수용인원수,주차가능수,관광지소개,휴무일,운영시간,요금정보,주요목적,편의시설,관리기관명,관리기관전화번호,데이터기준일자
남원1리마을,서귀포시,남원읍,남원1리,금호제주리조트 아쿠아나,워터파크,제주특별자치도 서귀포시 남원읍 태위로 522-12,제주특별자치도 서귀포시 남원읍 남원리 2390,33.27264281,126.7014326,,,,,바다와 한라산 전망을 동시에 누리는 Seaside Resort,매월1번째월요일,,11000원(온천탕성인)+9000원(온천탕어린이)+22000원(아쿠아나주중성인)+20000원(아쿠아나주중어린이)+26000원(아쿠아나주말성인)+21000원(아쿠아나주말어린이)+30000원(아쿠아나성수기성인)+26000원(아쿠아나성수기어린이),관광+포토,공용주차장+현금결제+카드결제+화장실+무료WIFI+금연구역+편의점+음료대+유도 및 안내시설+경보 및 피난시설+임산부휴게시설+엘리베이터,금호제주리조트,,2022-09-30
남원1리마을,서귀포시,남원읍,남원1리,큰엉해안경승지,자연명소,제주특별자치도 서귀포시 남원읍 태위로 522-17,제주특별자치도 서귀포시 남원읍 남원리 2379-3,33.27334251,126.7037085,,,,,때묻지 않은 기암절벽이 아름다운 해양경승지,연중무휴,(평일+주말+공휴일)11:00~20:00,무료,포토스팟,공중화장실,제주특별자치도 서귀포시 남원읍사무소,064-760-4181,2022-09-30
남원1리마을,서귀포시,남원읍,남원1리,코코몽 에코파크,테마파크,제주특별자치도 서귀포시 남원읍 태위로 536,제주특별자치도 서귀포시 남원읍 남원리 2380 ,33.27455804,126.7058511,,,,,아이들의 오감을 자극하는 친환경 프리미엄 테마파크,화요일,(평일+주말+공휴일)10:00~18:00,25000원(24개월이상13세까지아동)+15000원(중학생이상성인+장애아동)+무료(24개월미만유아)+9500원(장애성인)+3000원(코코몽기차1회탑승권+카레이싱1회이용권)+6000원(자유이용권),관광+포토,화장실+주차장,제주에코빌리지,1661-4284,2022-09-30
수망리마을,서귀포시,남원읍,수망리,마흐니 숲길,숲길,,제주특별자치도 서귀포시 남원읍 수망리 산203,33.37944666,126.6551931,,,,,사색을 즐기며 걷기 좋은 숲길,연중무휴,,무료,걷기,,제주특별자치도 서귀포시 남원읍 수망리사무소,064-764-1089,2022-09-30
수망리마을,서귀포시,남원읍,수망리,물영아리오름,오름,,제주특별자치도 서귀포시 남원읍 수망리 산 189,33.3708091,126.6935196,717013,2000-12-05,,,신령스러운 산이라는 뜻의 '영아리'와 분화구에 물이 고인 습지를 품고 있기에 '물'이라는 접두어가 붙은 오름,연중무휴,,무료,걷기+등산,주차장+편의점,제주도청,064-120,2022-09-30
신례1리마을,서귀포시,남원읍,신례1리,양금석가옥,문화재,제주특별자치도 서귀포시 남원읍 신례로298번길 3-6,제주특별자치도 서귀포시 남원읍 신례1리 1314,33.29131729,126.6284804,,1978-11-14,,,제주도 전통 초가 양식으로 이루어진 가옥,연중무휴,,무료,관람,,제주도청 ,064-120,2022-09-30
신례1리마을,서귀포시,남원읍,신례1리,동백포레스트,식물원+수목원,제주특별자치도 서귀포시 남원읍 생기악로 53-38,제주특별자치도 서귀포시 남원읍 신례리 1767,33.30030681,126.6361998,,,,,사진찍기 좋은 신례리 동백나무 군락지,월요일+화요일,(평일+주말+공휴일)10:00~18:00,4000원(성인)+3000원(제주도민+초등학생+경로)+무료(미취학아동+국가유공자),관광+포토,현금결제+신용카드+반려동물동반,동백포레스트,0507-1331-2102,2022-09-30
신례1리마을,서귀포시,남원읍,신례1리,이승이오름(이승악),오름,,제주특별자치도 서귀포시 남원읍 신례리 산 2-4,33.34014394,126.6222444,332070,,,,살쾡이를 닮아서 이승이란 이름을 갖게 된 오름,연중무휴,,무료,걷기+등산,화장실+정자+주차장,제주도청 ,064-120,2022-09-30
신례1리마을,서귀포시,남원읍,신례1리,사라오름,오름,,제주특별자치도 서귀포시 남원읍 신례리 산 2-1,33.37192793,126.5708337,62863,2011-10-13,,,노루 떼가 뛰어노는 모습이 한 폭의 그림 같은 곳임,연중무휴,,무료,걷기+등산,,제주도청 ,064-120,2022-09-30
신례1리마을,서귀포시,남원읍,신례1리,휴애리 자연생활공원,자연공원,제주특별자치도 서귀포시 남원읍 신례동로 256,제주특별자치도 서귀포시 남원읍 신례리 2081,33.3093861,126.635405,65000,2007-05-05,2000,200,자연 속 동식물들과 교감이 있는 체험형 자연생활공원,연중무휴,(평일+주말+공휴일)09:00~18:00,13000원(성인)+11000원(청소년+성인단체)+10000원(어린이)+9000원(청소년단체)+8000원(어린이단체)+6500원(경로+유공자성인+장애인성인+제주도민성인)+5500원(유공자청소년+장애인청소년+제주도민청소년)+5000원(유공자어린이+장애인어린이+제주도민어린이),체험+공연+전시+포토스팟,공용주차장+현금결제+카드결제+화장실+무료WIFI+편의점+음료대+유도 및 안내시설+경보 및 피난시설+임산부휴게시설,휴애리,064-732-2114,2022-09-30
신례1리마을,서귀포시,남원읍,신례1리,제주 신례리 왕벚나무 자생지,천연기념물,,제주특별자치도 서귀포시 남원읍 신례리 산 2-1,33.33820947,126.6096904,186485,1964-01-31,,,제주시에서 서귀포시로 가는 길목 산자락에 자리하고 있는 나무,연중무휴,,무료,관광+포토,,제주도청 ,064-120,2022-09-30
신례2리마을,서귀포시,남원읍,신례2리,공천포구,포구,,제주특별자치도 서귀포시 남원읍 신례리 72-18,33.26338571,126.6418425,,,,,검은 돌과 검은 모래가 가득한 바다,연중무휴,,무료,관광+포토,,제주특별자치도 서귀포시 남원읍 신례2리사무소,064-767-0544,2022-09-30
신흥2리마을,서귀포시,남원읍,신흥2리,예절이오름(여절악),오름,,제주특별자치도 서귀포시 남원읍 신흥리 산 18,33.34893211,126.7364605,110552,,,,정상에서 바라보는 말굽형 모양의 예절이오름,연중무휴,,무료,걷기+등산,,제주도청 ,064-120,2022-09-30
위미1리마을,서귀포시,남원읍,위미1리,스프링데일CC,골프장,제주특별자치도 서귀포시 남원읍 서성로 459번지,제주특별자치도 서귀포시 남원읍 위미리 4625,33.32935251,126.6384742,25785,,,,해발 400고지에 위치한 여름에는 시원하고 겨울에는 따뜻한 기온의 골프장,연중무휴,(평일+주말+공휴일)06:00~21:00,111000원(주중18홀)+141000원(토요일+공휴일)+80000원(카트비)+120000원(캐디비),골프,공용주차장+현금결제+카드결제+화장실+무료WIFI+흡연구역+편의점+음료대+유도 및 안내시설+경보 및 피난시설,스프링데일CC,064-800-8000,2022-09-30
위미1리마을,서귀포시,남원읍,위미1리,이음새,체험,,제주특별자치도 서귀포시 남원읍 위미리 4137-1,33.27578785,126.651431,,,,,"감귤 따기 체험, 감물염색 체험 등 체험을 할 수 있는 천연염색체험장",목요일,(평일+주말+공휴일)10:00~17:00,55000원(혼합봉10kg)+35000원(꼬마봉10kg),체험,,이음새농촌교육농장,064-764-3773,2022-09-30
위미3리마을,서귀포시,남원읍,위미3리,위미동백나무군락,기념물,제주특별자치도 서귀포시 위미중앙로300번길 23-7,제주특별자치도 서귀포시 남원읍 위미리 903-1,33.27292969,126.6747236,,1982-05-08,,,"사철 푸른 동백과 새, 감귤원과 함께 남국의 정취를 느낄 수 있음",연중무휴,,무료,관광+포토,,제주도청 ,064-120,2022-09-30
위미3리마을,서귀포시,남원읍,위미3리,"자배봉(자배오름, 망오름)",오름,,제주특별자치도 서귀포시 남원읍 위미리 산 132-2,33.30098962,126.6769199,440293,,,,생태숲과 유적지를 가지고 있는 자배봉,연중무휴,,무료,걷기+등산,화장실+정자+주차장,제주도청 ,064-120,2022-09-30
위미3리마을,서귀포시,남원읍,위미3리,태웃개,체험,제주특별자치도 서귀포시 남원읍 태위로398번길 68,제주특별자치도 서귀포시 남원읍 위미리 69,33.27038829,126.6911068,,,,,여유롭게 물놀이를 즐기며 해안 절경을 감상할 수 있는 곳임,연중무휴,,무료,체험,,제주특별자치도 서귀포시 남원읍 위미3리사무소,064-764-2720,2022-09-30
의귀리마을,서귀포시,남원읍,의귀리,의귀리 김만일묘역,문화재,,제주특별자치도 서귀포시 남원읍 의귀리 1773,33.32216083,126.709273,,2009-07-29,,,제주 고유의 석물문화를 밝히는 자료,연중무휴,,무료,관광,,경주김씨제주도종친회,064-755-7543,2022-09-30
태흥2리마을,서귀포시,남원읍,태흥2리,옥돔마을,관광,제주특별자치도 서귀포시 남원읍 남태해안로 508,제주특별자치도 서귀포시 남원읍 태흥리 364-4,33.2870209,126.7501733,,,,,옥돔 경매 구경 및 옥돔 요리 먹을 수 있는 곳임,연중무휴,,무료,관광+포토,,제주특별자치도 서귀포시 남원읍 태흥2리사무소,064-764-0183,2022-09-30
하례1리마을,서귀포시,남원읍,하례1리,걸서악오름,오름,제주특별자치도 서귀포시 남원읍 하례로 393,제주특별자치도 서귀포시 남원읍 하례리 산 124번지,33.28228456,126.6200543,58199,,,,"시원한 하례리 마을 풍경과 범섬, 섭섬 풍경을 한번에 볼 수 있는 오름",연중무휴,,무료,걷기+등산,화장실+정자+주차장,제주도청 ,064-120,2022-09-30
하례1리마을,서귀포시,남원읍,하례1리,제주농업생태원,체험,제주특별자치도 서귀포시 남원읍 중산간동로 7413,제주특별자치도 서귀포시 남원읍 하례리 1558,33.28862074,126.609863,80733,,,,감귤에 대한 모든 궁금증을 풀어주는 곳,연중무휴,(평일+주말+공휴일)10:00~17:00,무료,체험+전시,,서귀포농업기술센터,064-760-8711,2022-09-30
하례2리마을,서귀포시,남원읍,하례2리,효명사,사찰,제주특별자치도 서귀포시 남원읍 516로 815-41,제주특별자치도 서귀포시 남원읍 하례리 산 45,33.32328748,126.5941628,,,,,한라산 중턱에 위치한 소박한 사찰,연중무휴,,무료,휴식+힐링,,효명사,064-733-4950,2022-09-30
하례2리마을,서귀포시,남원읍,하례2리,고살리숲길,숲길,,제주특별자치도 서귀포시 남원읍 하례리 산 54-2,33.31714129,126.5985137,,,,,연중 물이 고이고 흐르는 계속에 나무들이 조화를 이루는 숲길,연중무휴,(평일)10:00~16:00+(주말)14:00~16:00,무료,숲길탐방,공용주차장,하례리생태관광마을협의체,064-733-8009,2022-09-30
하례2리마을,서귀포시,남원읍,하례2리,수악,오름,제주특별자치도 서귀포시 남원읍 516로 1042,제주특별자치도 서귀포시 남원읍 하례리 산 10,33.3246324,126.6093992,273067,,,,가슴을 청아하게 물들이는 오름,연중무휴,,무료,걷기+등산,,제주도청 ,064-120,2022-09-30
한남리마을,서귀포시,남원읍,한남리,머체왓숲길,숲길,제주특별자치도 서귀포시 남원읍 서성로 755,제주특별자치도 서귀포시 남원읍 한남리 1622-3,33.3305303,126.673919,,,,,다양한 테마가 어우러진 숲길임,연중무휴,(평일+주말+공휴일+하절기)08:30~18:30+(평일+주말+공휴일+동절기)09:00~19:00,무료,걷기+체험,공용주차장+현금결제+카드결제+화장실+무료WIFI+흡연구역+음료대+유도 및 안내시설+경보 및 피난시설,머체왓숲길,064-805-3113,2022-09-30
한남리마을,서귀포시,남원읍,한남리,사려니오름,오름,,제주특별자치도 서귀포시 남원읍 한남리 산 2-1,33.34008502,126.6458498,260107,,,0,볼록한 제주 오름들이 한눈에 보이는 오름,월요일+화요일+산불조심기간(매년 11월 1일~ 5월 15일),(평일+주말+공휴일)09:00~17:00,무료,걷기+등산,,제주도청,064-120,2022-09-30
가파리마을 ,서귀포시,대정읍,가파리,가파도,섬,,제주특별자치도 서귀포시 대정읍 가파리 276,33.1700117,126.2714146,840000,,,,제주도 부속섬 중 4번째로 큰 섬임,,,,,화장실+무료WIFI,제주특별자치도 서귀포시 대정읍 가파리사무소,064-794-7130,2022-09-30
구억마을,서귀포시,대정읍,구억리,노리매,테마파크,제주특별자치도 서귀포시 대정읍 중산간서로 2260-15,제주특별자치도 서귀포시 대정읍 구억리 654-1,33.28309895,126.2873486,,,,,사계절이 머무는 자연 속에서 여유롭게 산책할 수 있는 공원,연중무휴,(평일+주말+공휴일)09:00~18:00,9000원(성인개인)+7000원(성인단체)+6000원(청소년개인+군인개인+유공자개인+경로개인+장애인개인)+5000원(청소년단체+군인단체+유공자단체+경로단체+장애인단체+어린이개인)+4000원(어린이단체),공원,주차장+현금결제+카드결제+화장실+무료WIFI,노리매,064-792-8211,2022-09-30
마라리마을,서귀포시,대정읍,마라리,대한민국최남단비,기념물,제주특별자치도 서귀포시 대정읍 마라로 131,제주특별자치도 서귀포시 대정읍 가파리 583-9,33.11377176,126.2685579,,,,,최남단을 상징하는 기념비,,,,기념비,,,,2022-09-30
마라리마을,서귀포시,대정읍,마라리,마라도 등대,등대,제주특별자치도 서귀포시 대정읍 마라로 165,제주특별자치도 서귀포시 대정읍 가파리 639,33.11664905,126.2695118,,,,,대한민국 최남단에 위치한 푸른 잔디밭 끝에 걸쳐 바다를 향하고 있는 마라도 등대,연중무휴,(평일+주말+공휴일)09:00~18:00,,,,마라도항로표지관리소,064-792-8507,2022-09-30
마라리마을,서귀포시,대정읍,마라리,초콜렛캐슬,박물관,제주특별자치도 서귀포시 대정읍 마라로 113,제주특별자치도 서귀포시 대정읍 가파리 685,33.11392085,126.2672697,,,,,초콜릿을 주제로 전시된 작품이 있는 박물관,,,,박물관,,,,2022-09-30
마라리마을,서귀포시,대정읍,마라리,마라도,섬,,제주특별자치도 서귀포시 대정읍 가파리 600,33.11848589,126.2671688,300000,,,,대한민국 최남단에 위치한 섬,,,,,화장실+무료WIFI,제주특별자치도 서귀포시 대정읍 마라리사무소,064-792-4663,2022-09-30
마라리마을,서귀포시,대정읍,마라리,가파초등학교 마라분교장,포토스팟,제주특별자치도 서귀포시 대정읍 마라로 58,제주특별자치도 서귀포시 대정읍 가파리 696,33.11924732,126.2667098,9636,,,,마라도에 위치한 분교이며 관광객들 포토존,,,,학교,,,,2022-09-30
무릉도원마을,서귀포시,대정읍,무릉2리,무릉곶자왈,숲,,제주특별자치도 서귀포시 대정읍 무릉리 산 1,33.29155108,126.2625449,,,,,자연 그대로를 간직한 제주도만의 독특한 숲,연중무휴,,,숲,,,,2022-09-30
보성리마을,서귀포시,대정읍,보성리,엉클리틀,관광농원,제주특별자치도 서귀포시 대정읍 보성상로 88,제주특별자치도 서귀포시 대정읍 보성리 989,33.25599076,126.2646735,,,,,관광농원 및 팜스테이,,,,농촌관광,,엉클리틀,0507-1408-5060,2022-09-30
보성리마을,서귀포시,대정읍,보성리,제주곶자왈도립공원,도립공원,제주특별자치도 서귀포시 대정읍 에듀시티로 178,제주특별자치도 서귀포시 대정읍 보성리 산1,33.28319972,126.2736047,1546757,,,,암괴들이 불규칙하게 널려있는 지대에 형성된 숲,연중무휴,(평일+주말+공휴일+하절기)09:00~18:00+(평일+주말+공휴일+동절기)09:00~18:00,1000원(성인)+800원(청소년+군인)+500원(어린이),도립공원,주차장+현금결제+카드결제+화장실+무료WIFI,제주곶자왈도립공원,064-792-6047,2022-09-30
상모1리마을,서귀포시,대정읍,상모1리,발자국화석공원,자연명소,제주특별자치도 서귀포시 대정읍 형제해안로 192,제주특별자치도 서귀포시 대정읍 상모리 626-1,33.21735034,126.2931434,,,,,천연기념물 제464호로 지정되어 있으며 다양한 생물의 발자국 화석을 볼 수 있는 곳,,,,,,발자국화석공원,064-710-6804,2022-09-30
상모3리마을,서귀포시,대정읍,상모3리,송악산진지동굴,동굴,,제주특별자치도 서귀포시 대정읍 상모리 194-2,33.20333105,126.2917117,,,,,2차 대전 당시 대정읍에 만든 국내 최대의 일제시대 군사유적지,,,,,,,,2022-09-30
상모3리마을,서귀포시,대정읍,상모3리,송악카트체험장,레포츠시설,제주특별자치도 서귀포시 대정읍 송악관광로 404,제주특별자치도 서귀포시 대정읍 상모리 139,33.20850906,126.2894204,,,,,송악산 근처 레포츠시설 카트체험장,연중무휴,(평일+주말+공휴일+하절기)09:00~18:30+(평일+주말+공휴일+동절기)09:00~17:00,25000원(성인+청소년+어린이)+5000원(유아동승),체험,,송악카트체험장,064-794-1717,2022-09-30
상모3리마을,서귀포시,대정읍,상모3리,알뜨르비행장,문화유적지,,제주특별자치도 서귀포시 대정읍 상모리 1670,33.20471796,126.2715241,1320000,2006-12-04,,,1945년 무렵에 만들어진 일본 해군 비행장의 부속 시설,연중무휴,,,,유도 및 안내시설,제주도청,064-120,2022-09-30
상모3리마을,서귀포시,대정읍,상모3리,섯알오름 ,오름 ,,제주특별자치도 서귀포시 대정읍 상모리 1593-2,33.20647842,126.2812239,29094,,,,역사의 아픔을 간직한 오름,,,,,,제주도청,064-120,2022-09-30
상모3리마을,서귀포시,대정읍,상모3리,송악산 전망대,전망대 ,,제주특별자치도 서귀포시 대정읍 상모리 산 2-13,33.19848191,126.2939734,,,,,해안을 따라 펼쳐진 주변 경관을 감상할 수 있어 관광객들이 많이 찾는 곳,,,,,,,,2022-09-30
안성리마을,서귀포시,대정읍,안성리,제주 추사관,유적지,제주특별자치도 서귀포시 대정읍 추사로 44,제주특별자치도 서귀포시 대정읍 안성리 1661-1,33.24997529,126.2782283,1618,2010-12-27,,,조선 후기 문신이자 서화가였던 추사 김정희 선생이 제주 유배지에서 역작 「세한도」와 추사체(秋史體)를 창출해 낸 업적을 기리는 곳으로 김정희 선생이 유배생활을 하며 남긴 흔적들을 볼 수 있음,월요일,(평일+주말+공휴일)09:00~18:00,무료,관람,주차장+화장실,제주 추사관,064-710-6803,2022-09-30
영락리마을,서귀포시,대정읍,영락리,제주도예촌,관람,제주특별자치도 서귀포시 대정읍 암반수마농로 433,제주특별자치도 서귀포시 대정읍 영락리 6,33.26490673,126.2355517,,,,,유약없이 도자기를 직접 굽는 곳으로 제주만의 도자기를 볼 수 있는 제주의 숨겨진 명소,,(평일)10:00~17:00,,관람,주차장+화장실,제주도예촌,064-792-0052,2022-09-30
일과2리마을,서귀포시,대정읍,일과2리,초콜릿박물관,박물관,제주특별자치도 서귀포시 대정읍 일주서로3000번길 144,제주특별자치도 서귀포시 대정읍 일과리 551-18,33.25703747,126.2299943,,2010-05-28,,,초콜릿의 역사와 지구상 모든 초콜릿에 대하여 알아갈 수 있는 초콜릿 박물관임,연중무휴,(평일+주말+공휴일)10:30~17:00,7000원(성인+중학생이상)+6500원(성인단체+중학생단체)+5000원(6세부터13세까지)+4500원(6세부터13세까지단체),관람,주차장+화장실,초콜릿박물관,064-792-3121,2022-09-30
하모1리마을,서귀포시,대정읍,하모1리,하모해변,해변,,제주특별자치도 서귀포시 대정읍 하모리 279,33.21129293,126.2608081,,,,,"안전사고 우려가 높아 현재는 폐장된 상태이며, 올레 10코스 지점 중 하나이며 해변 근처에 유료 야영장이 존재함, 여름 성수기에는 바닷속을 걸어 다니는 ‘씨워킹’이라는 이색 해양 스포츠를 경험할 수 있음",연중무휴,(평일+주말+공휴일)00:00~24:00,무료,해변,공용주차장+화장실,,064-760-2772,2022-09-30
고성리마을,서귀포시,성산읍,고성리,제주커피박물관 Baum,박물관,제주특별자치도 서귀포시 성산읍 서성일로1168번길 89-17,제주특별자치도 서귀포시 성산읍 고성리 2040-1,33.43987825,126.8992088,,2016-02-26,,,숲과 함께 다채로운 커피의 향을 즐길 수 있는 곳,연중무휴,(평일+주말+공휴일+하절기)09:00~19:00+(평일+주말+공휴일+동절기)09:00~18:00,7000원(바움라떼)+7500원(아인슈페너)+5000원(에스프레소),전시+체험,단체석+주차장+포장+배달+무료WIFI+화장실,제주커피박물관,064-784-2255,2022-09-30
고성리마을,서귀포시,성산읍,고성리,대수산봉,오름,,제주특별자치도 서귀포시 성산읍 고성리 2039-1,33.43967057,126.9016368,260522,,,,성산일출봉과 섭지코지가 아름답게 내려다 보이는 곳,연중무휴,(평일+주말+공휴일)00:00~24:00,무료,등산,,제주도청,064-120,2022-09-30
고성리마을,서귀포시,성산읍,고성리,빛의벙커,전시관,제주특별자치도 서귀포시 성산읍 서성일로1168번지 89-17,제주특별자치도 서귀포시 성산읍 고성리 2039-22,33.43964883,126.8998166,,,,,옛 국가기간 통신시설 벙커를 재생하여 거장들의 작품을 빛과 음악을 통해서 감상하는 빛의 벙커,연중무휴,(평일+주말+공휴일+하절기)10:00~19:00+(평일+주말+공휴일+동절기)10:00~18:00,18000원(성인)+13000원(청소년)+10000원(어린이)+8000원(4세이상7세까지+장애인+국가유공자)+12600원(제주도민성인)+9100원(제주도민청소년)+7000원(제주도민어린이)+5600원(제주도민4세이상7세까지+장애인+국가유공자),공연+전시,주차장+화장실+장애인편의시설,(주)티모넷제주지점,1522-2653,2022-09-30
난산리마을,서귀포시,성산읍,난산리,쿠지홀리데이팜,관광농원,제주특별자치도 서귀포시 성산읍 난산로 50,제주특별자치도 서귀포시 성산읍 난산리 1097,33.40218696,126.8708197,,,,,천혜향 따기 체험과 구매를 할 수 있는 농원,연중무휴,(평일+주말+공휴일)10:00~16:00,10000원(성인+청소년+어린이),체험,주차장,쿠지홀리데이,0507-1308-8733,2022-09-30
난산리마을,서귀포시,성산읍,난산리,아일랜드플라워,농장카페,제주특별자치도 서귀포시 성산읍 서성일로 602,제주특별자치도 서귀포시 성산읍 난산리 2236,33.42432256,126.8496372,,,,,제주도 남쪽 동부에 위치한 아일랜드 플라워 동물원,연중무휴,(평일+주말+공휴일)10:00~18:00,7000원(성인+청소년)+5000원(어린이),체험+산책로,반려동물동반+주차장,아일랜드플라워팜,064-782-0955,2022-09-30
난산리마을,서귀포시,성산읍,난산리,모구리오름,오름,제주특별자치도 서귀포시 성산읍 서성일로 260,제주특별자치도 서귀포시 성산읍 난산리 2960-1,33.40901972,126.8286384,202089,,,,편백나무 숲이 있는 오름,연중무휴,(평일+주말+공휴일)00:00~24:00,무료,등산,공용주차장+화장실,제주도청,064-120,2022-09-30
난산리마을,서귀포시,성산읍,난산리,유건에오름,오름,,제주특별자치도 서귀포시 성산읍 난산리 2302,33.41322123,126.8458048,204487,,,,북쪽과 서쪽의 봉우리가 이어져 1km의 능선을 이루고 있는 오름,연중무휴,(평일+주말+공휴일)00:00~24:00,무료,등산,,제주도청,064-120,2022-09-30
난산리마을,서귀포시,성산읍,난산리,베니스랜드,테마파크,제주특별자치도 서귀포시 성산읍 서성일로 474,제주특별자치도 서귀포시 성산읍 난산리 2570,33.41527273,126.8407105,,2015-06-22,,,제주에서 만나는 아름다운 수상도시 베니스 여행,연중무휴,(평일+주말+공휴일)09:00~18:00,12000원(성인)+10000원(청소년)+8000원(어린이),체험+공연+전시+포토스팟,공용주차장+현금결제+카드결제+화장실+흡연구역+편의점+음료대+유도 및 안내시설+경보 및 피난시설,더베니스랜드,064-784-6565,2022-09-30
삼달1리마을,서귀포시,성산읍,삼달1리,김영갑갤러리두모악,갤러리,제주특별자치도 서귀포시 성산읍 삼달로 137,제주특별자치도 서귀포시 성산읍 삼달리 437-5,33.37189885,126.854144,,,,,두모악에는 제주를 매우 사랑하며 두모악에 잠든 김영갑 선생의 20여년간의 작품들이 전시,수요일+명절(추석+설날),(하절기)09:30~18:30+(동절기)09:30~17:00+(간절기)09:30~18:00,4500원(성인)+3000원(청소년+군인+국가유공자+제주도민)+1500원(어린이+65세이상경로)+무료(3세이하+장애인),관광지,,김영갑갤러리두모악,064-784-9907,2022-09-30
삼달1리마을,서귀포시,성산읍,삼달1리,고흐의정원,관람,제주특별자치도 서귀포시 성산읍 삼달신풍로 126-5,제주특별자치도 서귀포시 성산읍 삼달리 1185-2,33.37335804,126.8437071,,,,,위대한 작가 반고흐의 지난 삶을 보고 듣고 만질 수 있는 고흐의 정원,연중무휴,(평일+주말+공휴일)09:30~18:30,12000원(성인)+10000원(청소년+20명단체성인)+8000원(어린이+제주도민성인+제주도민청소년+20명단체청소년)+6000원(제주도민어린이+20명단체어린이),관광지,화장실+카페+주차장,,064-783-6700,2022-09-30
삼달1리마을,서귀포시,성산읍,삼달1리,블루마운틴4255,복합문화공간,제주특별자치도 서귀포시 성산읍 중산간동로 4255,제주특별자치도 서귀포시 성산읍 삼달리 1510-1,33.38006916,126.8373142,,,,,향긋한 커피의 공간 블루마운틴 커피박물관,연중무휴,(평일+주말+공휴일)09:00~18:00,12000원(커피족욕)+15000원(전동킥보드1시간)+20000원(전동킥보드2시간),체험+카페,,블루마운틴4255,064-782-0428,2022-09-30
삼달2리마을,서귀포시,성산읍,삼달2리,미천굴,동굴,제주특별자치도 서귀포시 성산읍 중산간동로 4150-30 일출랜드,제주특별자치도 서귀포시 성산읍 삼달리 1010,33.38344811,126.84266,,,,,"길이 1,695 m이며, 신생대 제4기 초에 생겨난 용암굴",연중무휴,(평일+주말+공휴일)08:30~18:00,9000원(성인)+8000원(경로)+6000원(청소년)+5000원(어린이),관광지,,일출랜드,064-784-2080,2022-09-30
삼달2리마을,서귀포시,성산읍,삼달2리,일출랜드,테마파크,제주특별자치도 서귀포시 성산읍 중산간동로 4150-30,제주특별자치도 서귀포시 성산읍 삼달리 1010,33.38342648,126.8415988,,,,,"미천굴을 중심으로 사계절 제주 토종 식물과 꽃의 축제가 열리는 제주 청정 자연의 생태, 문화, 체험이 가능한 웰니스 관광지",연중무휴,(평일+주말+공휴일)09:00~18:00,9000원(성인)+8000원(경로)+6000원(청소년)+5000원(어린이+감귤체험),관광지,,일출랜드,064-784-2080,2022-09-30
성산리마을,서귀포시,성산읍,성산리,성산일출봉,봉우리,제주특별자치도 서귀포시 성산읍 일출로 284-12,제주특별자치도 서귀포시 성산읍 성산리 114,33.45911604,126.9405375,,,,,제주도의 다른 오름들과는 달리 마그마가 물속에서 분출하면서 만들어진 수성화산체,매월1번째월요일,(평일+주말+하절기)07:00~20:00+(평일+주말+동절기)07:30~19:00,5000원(성인)+4000원(성인단체)+2500원(청소년+군인+어린이)+2000원(청소년단체+군인단체+어린이단체),관광지,,세계자연유산 제주본부,064-783-0959,2022-09-30
성산리마을,서귀포시,성산읍,성산리,성산포항,자연명소,제주특별자치도 서귀포시 성산읍 성산등용로 112-7,제주특별자치도 서귀포시 성산읍 성산리 347-9,33.47343666,126.9332874,,,,,제주 서귀포시 성산읍에 있는 항구,연중무휴,(평일+주말+공휴일)00:00~24:00,무료,항구,,,,2022-09-30
수산1리마을,서귀포시,성산읍,수산1리,대왕산,산,,제주특별자치도 서귀포시 성산읍 수산리 1429,33.45612141,126.8729152,,,,,성산읍 수산리 북서쪽에 위치한 오름,연중무휴,(평일+주말+공휴일)00:00~24:00,무료,등산,,제주도청,064-120,2022-09-30
신산리마을,서귀포시,성산읍,신산리,통오름,오름,,제주특별자치도 서귀포시 성산읍 신산리 1754-1,33.39303937,126.8558848,,,,,"산 모양이 물통, 밥통 같은 통처럼 움푹 패인 형태라고 하여 통오름",연중무휴,(평일+주말+공휴일)00:00~24:00,무료,등산,,제주도청,064-120,2022-09-30
신양리마을,서귀포시,성산읍,신양리,쇠와꽃승마장,승마장,제주특별자치도 서귀포시 성산읍 섭지코지로25번길 88-17,제주특별자치도 서귀포시 성산읍 고성리 354-1,33.44736091,126.91985,,,,,해변을 따라 승마를 즐길 수 있는 곳,연중무휴,(평일+주말+공휴일+하절기)09:00~18:30+(평일+주말+공휴일+동절기)09:00~17:30,25000원(쇠와꽃A코스)+50000원(쇠와꽃B코스)+150000원(해안외승트레킹),체험,공용주차장+화장실,쇠와꽃승마장,064-782-3900,2022-09-30
신양리마을,서귀포시,성산읍,신양리,아쿠아플라넷 제주,아쿠아리움,제주특별자치도 서귀포시 성산읍 섭지코지로 95,제주특별자치도 서귀포시 성산읍 고성리 127-3,33.43287455,126.927681,25600,,,,450여종의 바다생명체가 있는 아시아 최대 수족관,연중무휴,(평일+주말+공휴일)09:30~19:00,40700원(성인)+38900원(청소년+경로)+36900원(어린이),공연+전시,공용주차장+현금결제+카드결제+화장실+무료WIFI+편의점+음료대+유도 및 안내시설+경보 및 피난시설+엘리베이터,아쿠아플라넷㈜,1833-7001,2022-09-30
신양리마을,서귀포시,성산읍,신양리,붉은오름,오름,제주특별자치도 서귀포시 성산읍 섭지코지로 261,제주특별자치도 서귀포시 성산읍 고성리 57,33.42742537,126.9336425,5343,,,,오름 전체가 붉은송이로 형성되어 있는 곳,연중무휴,(평일+주말+공휴일)00:00~24:00,무료,등산,유도 및 안내시설,제주도청,064-120,2022-09-30
신양리마을,서귀포시,성산읍,신양리,소수산봉,오름,,제주특별자치도 서귀포시 성산읍 고성리 887,33.43675277,126.9122111,34119,,,,아름다운 일출봉과 광치기 해안을 볼 수 있는 곳,연중무휴,(평일+주말+공휴일)00:00~24:00,무료,등산,,제주도청,064-120,2022-09-30
신양리마을,서귀포시,성산읍,신양리,섭지코지,자연명소,제주특별자치도 서귀포시 성산읍 섭지코지로 107,제주특별자치도 서귀포시 성산읍 고성리 87,33.42393671,126.9306049,750000,,,,아름다운 해안이 일품인 섭지,연중무휴,(평일+주말+공휴일)00:00~24:00,무료,등산+산책로,공용주차장+현금결제+카드결제+화장실+편의점+음료대,,064-782-0080,2022-09-30
신양리마을,서귀포시,성산읍,신양리,광치기해변,해변,,제주특별자치도 서귀포시 성산읍 고성리 224-33,33.45231781,126.9238923,,,,,성산일출봉과 독특한 해안지형이 어우러져 이색적인 풍광을 간직한 곳,연중무휴,(평일+주말+공휴일)00:00~24:00,무료,해양스포츠+물놀이+포토스팟,공용주차장,,,2022-09-30
어멍아방잔치마을,서귀포시,성산읍,신풍리,아비앙또정원,정원,제주특별자치도 서귀포시 성산읍 남산봉로 235-165,제주특별자치도 서귀포시 성산읍 신풍리 1411,33.36924046,126.8207755,,,,,개인이 운영하는 정원. 아름다운 해바라기를 볼 수 있어 많은 사람들이 찾는 곳,연중무휴,(평일+주말+공휴일)10:00~18:00,5000원(성인+청소년+어린이+경로),관람,주차장+무료WIFI+반려동물동반+화장실,아비앙또정원,,2022-09-30
오조리마을,서귀포시,성산읍,오조리,식산봉,오름,,제주특별자치도 서귀포시 성산읍 오조리 313,33.46566816,126.9199326,53199,,,,성산읍 오조리에 위치한 측화산. 제주 기념물 제47호인 황근자생지 및 상록활엽수림이 있는 곳,연중무휴,(평일+주말+공휴일)00:00~24:00,무료,등산,,제주도청,064-120,2022-09-30
오조리마을,서귀포시,성산읍,오조리,오조포구,포구,,제주특별자치도 서귀포시 성산읍 오조리,33.46323452,126.9210375,,,,,바다 위 성산일출봉의 모습이 보임. 인기 드라마의 촬영지로 쓰여 관광객들이 많이 찾는 곳,연중무휴,(평일+주말+공휴일)00:00~24:00,무료,관광지,,,,2022-09-30
혼인지마을,서귀포시,성산읍,온평리,혼인지마을,체험마을,제주특별자치도 서귀포시 성산읍 혼인지로 39-22 혼인지,제주특별자치도 서귀포시 성산읍 온평리 1693,33.41518977,126.8937838,,2013-04-01,,,"혼인지는 탐라국 건국신화 ‘삼신인’의 신화가 있는 곳으로, 넓은 연못인 혼인지에서 3신이 혼례를 올림으로써 자손이 늘어나고 농사가 시작되었다는 전설이 전해짐",연중무휴,(평일+주말+공휴일)08:00~17:00,무료,체험+포토스팟,화장실+음료대+유도 및 안내시설+경보 및 피난시설,혼인지농어촌체험휴양마을,064-784-5552,2022-09-30
감산리마을,서귀포시,안덕면,감산리,안덕계곡,계곡,,제주특별자치도 서귀포시 안덕면 감산리 1946,33.2571804,126.352557,22215,1993-08-19,,,"구가의 서' 촬영지, 제주의 아름다운 계곡 중 하나로 꼽히는 신비한 안덕계곡, 공사중으로 출입 전면 통제 중, 2023년 공사 완료 예정",연중무휴 ,(평일+주말+공휴일)00:00~24:00,무료,전망+관람,공용주차장+화장실+유도 및 안내시설,,064-794-9001,2022-09-30
감산리마을,서귀포시,안덕면,감산리,감귤체험농장 예래팜 본점,관람+체험,제주특별자치도 서귀포시 안덕면 일주서로 1513,제주특별자치도 서귀포시 안덕면 감산리 349,33.25866984,126.3541987,1653,,,,친환경으로 직접 지은 귤 따기 체험과 친환경 무농약 귤을 경험할 수 있는 곳,,(평일)09:00~18:00,5000원(감귤따기체험),체험,,예래팜-제주237농업회사법인㈜,,2022-09-30
감산리마을,서귀포시,안덕면,감산리,월라봉 진지동굴(안덕면),동굴,,제주특별자치도 서귀포시 안덕면 감산리 1162,33.2447052,126.3488505,,,,,아름답지만 슬픈 역사가 남아 있는 월라봉 진지동굴,연중무휴,,무료,관람,,,,2022-09-30
감산리마을,서귀포시,안덕면,감산리,건강과성박물관,박물관,제주특별자치도 서귀포시 안덕면 일주서로 1611,제주특별자치도 서귀포시 안덕면 감산리 1404,33.25490453,126.3466608,7000,2006-05-09,,130,"건강과 성 박물관은 서귀포시 안덕면 감산리에서 세계최대, 최초의 제1종 성 박물관으로 운영",연중무휴,(평일+주말+공휴일+하절기)09:00~20:00+(평일+주말+공휴일+동절기)09:00~18:00+(평일+주말+공휴일+간절기)09:00~19:00,13000원(성인)+11000원(제주도민+경로우대+의무군경)+9000원(장애인),공연+전시,공용주차장+현금결제+카드결제+화장실+무료WIFI+편의점+음료대+유도 및 안내시설+경보 및 피난시설+엘리베이터,제주건강과성박물관,064-792-5700,2022-09-30
감산리마을,서귀포시,안덕면,감산리,볼레낭길,숲,,제주특별자치도 서귀포시 안덕면 감산리 1049,33.23584661,126.3492461,,,,,"제주올레 9코스의 한 구간, 보리수나무가 흐드러진 볼레낭길",연중무휴,,무료,등산,,,,2022-09-30
감산리마을,서귀포시,안덕면,감산리,월나봉(도래오름),오름,,제주특별자치도 서귀포시 안덕면 감산리 1144,33.24390832,126.3494815,818809,,,,제주 서부일대의 전쟁유적지를 느낄 수 있는 오름,연중무휴,,무료,관람,운동기구,제주도청,064-120,2022-09-30
감산리마을,서귀포시,안덕면,감산리,창고천생태공원,자연+생태공원,,제주특별자치도 서귀포시 안덕면 감산리 1946,33.25643517,126.3548912,,,,,안덕지역을 통과하는 생태 공원,,,,등산,,,,2022-09-30
감산리마을,서귀포시,안덕면,감산리,박수기정,지역명소,,제주특별자치도 서귀포시 안덕면 감산리 1008,33.2364413,126.359158,,,,15,중문의 주상절리나 애월 해안도로의 해안 절벽 같은 멋진 풍경을 지닌 곳,연중무휴,,무료,전망+관람,공용주차장,대평리 마을,064-738-0409,2022-09-30
광평리마을,서귀포시,안덕면,광평리,왕이메오름,오름,,제주특별자치도 서귀포시 안덕면 광평리 산 79,33.34352428,126.3765718,709179,,,,탐라국 삼신왕이 사흘 동안 기도를 드린 전설 속의 오름(마지막 입산시간:15:30),연중무휴,(평일+주말+공휴일)09:00~18:00,무료,등산,공용주차장,제주도청,064-120,2022-09-30
광평리마을,서귀포시,안덕면,광평리,돔박이오름,오름,,제주특별자치도 서귀포시 안덕면 광평리 산 89,33.33947266,126.3643392,68146,,,,키 큰 억새들의 오름,연중무휴,,무료,등산,,제주도청,064-120,2022-09-30
대평리마을,서귀포시,안덕면,대평리,군산,오름,,제주특별자치도 서귀포시 안덕면 창천리 산 3-1,33.25310206,126.3699606,2836857,,,,비고 280m의 원추형(라바돔) 화구를 지닌 화산체,,,,등산,공용주차장,제주도청,064-120,2022-09-30
대평리마을,서귀포시,안덕면,대평리,대평포구,항구,,제주특별자치도 서귀포시 안덕면 창천리 914-5,33.23718348,126.3619046,,,,,"제주 올레 9코스의 시작 점이자 동시에 8코스의 종착점이며, 넓은 포구의 해안 길을 따라 걷다 보면 박수 기정이라 불리는 해안 절벽이 수려한 풍광을 자랑하고 있음",연중무휴,(평일+주말+공휴일)00:00~24:00,무료,산책,공용주차장,서귀포시청,064-120,2022-09-30
덕수리마을,서귀포시,안덕면,덕수리,은하감귤체험농장,과실재배,제주특별자치도 서귀포시 안덕면 덕수서로 250,제주특별자치도 서귀포시 안덕면 덕수리 1700,33.27249876,126.3045463,,,,,귤 따기 체험과 귤 판매를 하는 곳,연중무휴,(평일+주말+공휴일)09:00~17:00,5000원,체험,주차장+무료WIFI+반려동물동반+화장실,은하감귤체험농장,064-792-0008,2022-09-30
덕수리마을,서귀포시,안덕면,덕수리,감귤밭미즈허팜,과실재배,제주특별자치도 서귀포시 안덕면 덕수동로 93,제주특별자치도 서귀포시 안덕면 덕수리 1115,33.26166515,126.3141515,,,20,,부담없이 감귤체험을 할 수 있는 농장(10~3월 운영),하절기+간절기,(평일+주말+공휴일+동절기+간절기)09:30~17:00,12000원,체험,주차장+배달+예약+반려동물동반,,,2022-09-30
덕수리마을,서귀포시,안덕면,덕수리,미령이네,관광농원,제주특별자치도 서귀포시 안덕면 덕수서로 123,제주특별자치도 서귀포시 안덕면 덕수리 2107-8,33.26129007,126.3042515,,,,,직접 농사지은 귤 밭에서 귤 따기 체험농장을 운영 중,목요일,(평일+주말+공휴일)10:00~17:00,6000원,체험,주차장+예약+화장실,미령이네,064-792-0300,2022-09-30
덕수리마을,서귀포시,안덕면,덕수리,마노르블랑,식물원,제주특별자치도 서귀포시 안덕면 일주서로2100번길 46,제주특별자치도 서귀포시 안덕면 덕수리 2952,33.25481842,126.2949881,39669.6,2015-11-13,,50,7000여본에 유럽 수국과 장미 그리고 동백으로 꾸며진 아름다운 정원이 있는 아날로그감성 카페,연중무휴,(평일+주말+공휴일)09:00~19:00,4000원(성인),관람,무료주차장+화장실+반려동물동반,마노르블랑,064-794-0999,2022-09-30
덕수리마을,서귀포시,안덕면,덕수리,하영담아감귤농장,유기농산물,제주특별자치도 서귀포시 안덕면 덕수서로 45,제주특별자치도 서귀포시 안덕면 덕수리 2263-2,33.25428671,126.3046396,,,,,농촌과 도시의 연결고리인 하영담아 감귤농장,연중무휴,(평일+주말+공휴일)09:00~18:00,35000원(바구니당),체험,주차장+포장+배달예약,하영담아감귤농장,,2022-09-30
덕수리마을,서귀포시,안덕면,덕수리,루나폴,테마파크,제주특별자치도 서귀포시 안덕면 일주서로 1836,제주특별자치도 서귀포시 안덕면 덕수리 산 27,33.25413388,126.3222747,415675,,,,세계 최대규모 디지털 테마파크,연중무휴,(평일+주말+공휴일)19:00~24:00,22000원(성인)+20000원(청소년)+17000원(어린이),관람,주차장+예약+화장실,,0507-1326-9680,2022-09-30
동광마을,서귀포시,안덕면,동광리,제주아트서커스,공연장,제주특별자치도 서귀포시 안덕면 동광로 214,제주특별자치도 서귀포시 안덕면 동광리 886,33.31437865,126.3448081,,2004-01-17,,,"세계 최초 7인의 여전사, 오토바이쇼 상상 그 이상의 감동 국내 최초 오토바이쇼 상설 공연을 시작으로 항상 최고와 새로움을 추구하는 서커스월드 공연장",연중무휴,(평일+주말+공휴일)09:00~17:00(10:30/15:00/17:00 3회공연),20000원(성인)+18000원(청소년)+15000원(어린이),공연+전시,공용주차장+현금결제+카드결제+화장실+무료WIFI+편의점+음료대+유도 및 안내시설+경보 및 피난시설,제주아트서커스,064-794-4444,2022-09-30
동광마을,서귀포시,안덕면,동광리,무등이왓터,문화유적지,제주특별자치도 서귀포시 안덕면 신화역사로586번길 21-7,제주특별자치도 서귀포시 안덕면 동광리 233-1,33.30942864,126.3520825,,,,,불에 타 흔적만 남은 마을의 터,연중무휴,,무료,관람,공용주차장,,,2022-09-30
동광마을,서귀포시,안덕면,동광리,삼밭구석,문화유적지,,제주특별자치도 서귀포시 안덕면 동광리 1396,33.30995135,126.3307772,,,,,4.3사건 당시 죽은 삼밧구석 주민들의 원혼을 달래기 위해 마을 출신 주민들이 직접 세운 비석,연중무휴,,무료,관람,,,,2022-09-30
동광마을,서귀포시,안덕면,동광리,토이파크,박물관,제주특별자치도 서귀포시 안덕면 동광로 267-7,제주특별자치도 서귀포시 안덕면 동광리 383,33.31895498,126.3453645,,2018-02-01,,,국내외 진귀한 장난감이 모여 있는 꿈동산,연중무휴,(평일+주말+공휴일)09:00~19:30,8000원(성인+청소년+어린이),공연+전시,공용주차장+현금결제+카드결제+화장실+흡연구역+편의점+음료대+유도 및 안내시설+경보 및 피난시설,㈜토이파크,064-794-0333,2022-09-30
동광마을,서귀포시,안덕면,동광리,조은승마장,승마장,제주특별자치도 서귀포시 안덕면 동광로 265-14,제주특별자치도 서귀포시 안덕면 동광리 897-2,33.3182399,126.3448302,,,,,아이들과 함께하는 승마체험,연중무휴,(평일+주말)09:00~18:00,,레저+체험,공용주차장,조은승마장,064-792-0550,2022-09-30
동광마을,서귀포시,안덕면,동광리,당오름,오름,,제주특별자치도 서귀포시 안덕면 동광리 산 68-1,33.33409324,126.3356543,415293,,,,뱀을 신으로 모시던 신당이 있던 오름,연중무휴,,무료,등산,,제주도청,064-120,2022-09-30
동광마을,서귀포시,안덕면,동광리,원물오름,오름,,제주특별자치도 서귀포시 안덕면 동광리 산 41,33.32320578,126.3448844,584056,,,,동광리에 위치한 측화산,연중무휴,,무료,등산,,제주도청,064-120,2022-09-30
동광마을,서귀포시,안덕면,동광리,거린오름,오름,,제주특별자치도 서귀포시 안덕면 동광리 산 94,33.30313462,126.3319271,247021,,,,제주도 서부를 한눈에 조망할 수 있는 거린오름,연중무휴,,무료,등산,,제주도청,064-120,2022-09-30
동광마을,서귀포시,안덕면,동광리,밝은오름,오름,,제주특별자치도 서귀포시 안덕면 동광리 736,33.30126738,126.3414677,54945,,,,명칭을 벗어나 숲을 이룬 환경으로 시민들을 받아들이는 착한 화산체,연중무휴,,무료,등산,,제주도청,064-120,2022-09-30
동광마을,서귀포시,안덕면,동광리,감낭오름,오름,,제주특별자치도 서귀포시 안덕면 동광리 산 41,33.32491736,126.3501824,117.413,,,,오름 주변에 감나무가 있었음에 연유하여 감낭이라 이름 붙여진 오름,연중무휴,,무료,등산,,제주도청,064-120,2022-09-30
동광마을,서귀포시,안덕면,동광리,북오름,오름,,제주특별자치도 서귀포시 안덕면 동광리 산 93,33.30627296,126.3320643,121783,,,,안덕 곶자왈 지대에 위치한 북오름,연중무휴,,무료,관람,,제주도청,064-120,2022-09-30
사계리어촌체험휴양마을,서귀포시,안덕면,사계리,제주커피수목원,관광농원,,제주특별자치도 서귀포시 안덕면 사계리 3136,33.23855212,126.2872649,,,,,다양한 체험이 가능한 커피수목원,연중무휴,(평일+주말+공휴일)09:00~18:00,,체험,주차장+예약+무료WIFI,제주커피수목원,064-792-5554,2022-09-30
사계리어촌체험휴양마을,서귀포시,안덕면,사계리,대정향교,문화유적지,제주특별자치도 서귀포시 안덕면 향교로 165-17,제주특별자치도 서귀포시 안덕면 사계리 3126-1,33.23954804,126.2883834,,1971-08-26,,,서귀포시 안덕면 사계리에 있는 조선시대의 향교,연중무휴,,,,,대정향교,064-794-7944,2022-09-30
사계리어촌체험휴양마을,서귀포시,안덕면,사계리,산방굴사,문화유적지,제주특별자치도 서귀포시 안덕면 산방로 218-12,제주특별자치도 서귀포시 안덕면 사계리 3693,33.2379626,126.3130893,,,,,불상이 있어 사찰로 불리는 아름다운 풍광을 가진 산방굴사,연중무휴,(평일+주말+공휴일)08:30~18:00,1000원(성인)+500원(청소년+어린이),관람,공용주차장+현금결제+카드결제+화장실+편의점+음료대+유도 및 안내시설,,064-760-6321,2022-09-30
사계리어촌체험휴양마을,서귀포시,안덕면,사계리,형제섬,섬,,제주특별자치도 서귀포시 안덕면 사계리 산 44,33.21000356,126.3143429,,,,,바다 한가운데 바위처럼 보이는 크고 작은 섬 2개가 사람의 형과 아우처럼 마주보고 있다 하여 붙여진 형제섬,연중무휴,,,전망+관람,공용주차장+화장실+편의점+음료대+유도 및 안내시설+경보 및 피난시설,,064-760-2913,2022-09-30
사계리어촌체험휴양마을,서귀포시,안덕면,사계리,형제해안로전망대,전망대,제주특별자치도 서귀포시 안덕면 형제해안로 26,제주특별자치도 서귀포시 안덕면 사계리 2147-13,33.22784929,126.3038673,,,,,형제섬이 보이는 형제해안로 전망대,연중무휴,,,전망+관람,공용주차장,,064-760-2913,2022-09-30
사계리어촌체험휴양마을,서귀포시,안덕면,사계리,용머리하멜상선전시관,전시관,제주특별자치도 서귀포시 안덕면 사계남로216번길 24-30,제주특별자치도 서귀포시 안덕면 사계리 116-7,33.23330914,126.3137051,550,,,,제주에 표류했던 네델란드인 하멜을 기념하기 위한 전시관,연중무휴,(평일+주말+공휴일+하절기)08:00~18:00+(평일+주말+공휴일+동절기)08:00~17:00,2500원(성인)+1500원(청소년+어린이),관람,,,064-760-6321,2022-09-30
사계리어촌체험휴양마을,서귀포시,안덕면,사계리,산방산 랜드,테마파크,,제주특별자치도 서귀포시 안덕면 사계리 117-2,33.23379167,126.311695,,2007-04-02,,,"산방산과 용머리 해안 관광지구에 설치된 곳으로 바이킹시설, 야구연습장 등  다양한 시설이 있는 곳",연중무휴,(평일+주말+공휴일+하절기)09:00~19:00+(평일+주말+공휴일+동절기)09:00~18:00,,레저+체험,공용주차장+현금결제+카드결제+화장실+무료WIFI+편의점+음료대+유도 및 안내시설+경보 및 피난시설,산방산랜드,064-794-1425,2022-09-30
사계리어촌체험휴양마을,서귀포시,안덕면,사계리,용머리해안,해수욕장,,제주특별자치도 서귀포시 안덕면 사계리 112-3,33.23166941,126.3147424,51132,2011-01-13,,,사계리에 위치한 천연기념물 제526호 용머리해안,연중무휴,(평일+주말+공휴일)10:30~17:00,2000원(성인)+1000원(청소년+어린이),전망+관람,공용주차장+화장실+유도 및 안내시설,,064-794-2940,2022-09-30
사계리어촌체험휴양마을,서귀포시,안덕면,사계리,사계해변,해수욕장,,제주특별자치도 서귀포시 안덕면 사계리 2032-51,33.22867589,126.3086052,,,,,산방산 바로 아래쪽에 위치한 작고 한적한 해변,연중무휴,,,전망+관람,공용주차장+화장실+편의점+음료대+유도 및 안내시설,,064-760-2772,2022-09-30
상창리마을,서귀포시,안덕면,상창리,파더스가든,관광농원,제주특별자치도 서귀포시 안덕면 병악로 44-33,제주특별자치도 서귀포시 안덕면 상창리 804,33.27994772,126.3657545,,,,,1966년부터 가꿔온 조경수농장을 2021년부터 관광농원으로 지정하여 약 50여년만에 오픈한 공간,연중무휴,(평일+주말+공휴일)09:00~18:00,10000원(성인)+8000원(어린이+청소년+경로+군인),체험,단체석+공용주차장+예약+무료WIFI+반려동물동반+유아시설(놀이방)+화장실+장애인편의시설,파더스가든,070-8861-8899,2022-09-30
상창리마을,서귀포시,안덕면,상창리,낭만농장 귤밭76번지,관광농원,제주특별자치도 서귀포시 안덕면 병악로 76,제주특별자치도 서귀포시 안덕면 상창리 906,33.28304844,126.3651497,,,,,제주도에서 귤 농사를 짓고 있는 청년들의 손길에서 비롯된 곳,연중무휴,(평일+주말+공휴일)10:00~17:00,2000원(입장료),체험,,주식회사 제주엘케이컴퍼니,070-4001-5303,2022-09-30
상창리마을,서귀포시,안덕면,상창리,로빈맘금귤따기,관광농원,제주특별자치도 서귀포시 안덕면 한창로 368,제주특별자치도 서귀포시 안덕면 상창리 1978,33.29239067,126.351473,,,,,감귤 따기 체험을 할 수 있는 농장,연중무휴,(평일+주말+공휴일)09:30~17:00,10000원(금귤1kg),체험,단체석+공용주차장+예약+무료WIFI+반려동물동반,로빈맘금귤따기,0507-1417-6012,2022-09-30
상창리마을,서귀포시,안덕면,상창리,피규어뮤지엄제주,박물관,제주특별자치도 서귀포시 안덕면 한창로 243,제주특별자치도 서귀포시 안덕면 상창리 1875-8,33.2819835,126.3553138,435.34,2018-04-26,,,피규어 및 토이를 테마로 테마파크의 기능을 접목시킨 새로운 개념의 뮤지엄,월요일,(평일+주말+공휴일)11:00~19:00,15000원(성인)+13500원(청소년)+12000원(어린이),공연+전시,공용주차장+예약+무료WIFI+화장실+장애인편의시설,㈜피규어뮤지엄더블유,02-512-8865,2022-09-30
상창리마을,서귀포시,안덕면,상창리,세계자동차&피아노 박물관,박물관,제주특별자치도 서귀포시 안덕면 중산간서로 1610,제주특별자치도 서귀포시 안덕면 상창리 2065-4,33.28383328,126.3497557,157000,2008-05-09,,,인간이 만든 가장 위대한 발명품인 역동적인 자동차와 인간의 감성을 가장 잘 표현해주는 악기 예술의 상징 피아노의 역사와 문화의 모든 것을 볼 수 있는 공간,연중무휴,(평일+주말+공휴일)09:00~18:00,13000원(성인)+12000원(청소년+어린이)+10000원(경로+장애인),공연+전시,공용주차장+현금결제+카드결제+화장실+흡연구역+음료대+유도 및 안내시설,세계자동차&피아노 박물관,064-792-3000,2022-09-30
상창리마을,서귀포시,안덕면,상창리,카멜리아힐,식물원,제주특별자치도 서귀포시 안덕면 병악로 166,제주특별자치도 서귀포시 안덕면 상창리 271,33.28963464,126.3700054,,2010-02-19,,,80여 개국 500여 품종의 수많은 동백꽃을 만날 수 있는 곳,연중무휴,(평일+주말+공휴일+하절기)08:30~19:00+(평일+주말+공휴일+동절기)08:30~18:00+(평일+주말+공휴일+간절기)08:30~18:30,9000원(성인)+7000원(청소년+경로+군인)+6000원(장애인+보훈대상+4.3유족+어린이),포토스팟,공용주차장+현금결제+카드결제+화장실,카멜리아힐,064-800-6296,2022-09-30
상창리마을,서귀포시,안덕면,상창리,소병악오름,오름,,제주특별자치도 서귀포시 안덕면 상창리 산 2-1,33.30834791,126.3743069,178836,,,,울창한 자연림의 숲을 이루고 있는 소병악,,,,등산,,제주도청,064-120,2022-09-30
상창리마을,서귀포시,안덕면,상창리,대병악오름,오름,,제주특별자치도 서귀포시 안덕면 상창리 산 2-1,33.30625711,126.3682552,301657,,,,오름 꼭대기 언저리가 마치 여자의 얹은머리 모양과 닮았다고 해서 여진머리오름이라는 이름이 있는 오름,,,,등산,,제주도청,064-120,2022-09-30
상창리마을,서귀포시,안덕면,상창리,뽀로로 & 타요테마파크,테마파크,제주특별자치도 서귀포시 안덕면 병악로 269,제주특별자치도 서귀포시 안덕면 상창리 80,33.3004187,126.3708258,,2019-10-17,,,아이들에게 인기만점인 캐릭터 뽀로로와 타요를 만날 수 있는 테마파크,연중무휴,(평일+주말+공휴일)10:00~18:00,30000원(테마파크종합이용권성인)+40000원(테마파크종합이용권어린이)+15000원(타요트램플린존이용권성인+뽀로로파크존이용권성인+Big3이용권)+25000원(타요트램플린존이용권어린이+뽀로로파크존이용권어린이)+20000원(Big5이용권),유아시설,공용주차장+화장실,㈜뽀로로파크,064-742-8555,2022-09-30
상창리마을,서귀포시,안덕면,상창리,헬로키티아일랜드,테마파크,제주특별자치도 서귀포시 안덕면 한창로 340,제주특별자치도 서귀포시 안덕면 상창리 1963-2,33.29014301,126.3520466,3756.34,2015-04-22,,,많은 사랑을 받고 있는 헬로키티 전시관,연중무휴,(평일+주말+공휴일)09:00~18:00,14000원(성인)+13000원(청소년)+11000원(어린이),공연+전시,공용주차장+현금결제+카드결제+화장실+흡연구역+편의점+음료대+유도 및 안내시설+경보 및 피난시설+임산부휴게시설+엘리베이터,(주)제이콥씨앤이,064-792-6114,2022-09-30
상천리마을,서귀포시,안덕면,상천리,포도뮤지엄,미술관,제주특별자치도 서귀포시 안덕면 산록남로 788,제주특별자치도 서귀포시 안덕면 상천리 837,33.31927503,126.3859735,,2021-05-03,,,다양성을 존중하고 서로의 생각을 공유하는 열린 문화공간,화요일,(평일+주말+공휴일)10:00~18:00,10000원(성인)+6000원(청소년)+4000원(어린이),공연+전시,공용주차장+예약+무료WIFI+화장실+장애인편의시설,포도뮤지엄,064-794-5115,2022-09-30
상천리마을,서귀포시,안덕면,상천리,본태박물관,박물관,제주특별자치도 서귀포시 안덕면 산록남로762번길 69,제주특별자치도 서귀포시 안덕면 상천리 380,33.30377225,126.3924802,2424.05,2012-11-29,700,,차용된 빛과 물이 조화롭게 어우러진 박물관,연중무휴,(평일+주말+공휴일)10:00~18:00,20000원(성인)+12000원(학생)+10000원(미취학),관람,공용주차장+예약+무료WIFI+화장실,본태박물관,064-792-8108,2022-09-30
상천리마을,서귀포시,안덕면,상천리,수풍석 뮤지엄,박물관,제주특별자치도 서귀포시 안덕면 산록남로762번길 79,제주특별자치도 서귀포시 안덕면 상천리 796,33.29992277,126.3898026,,,,,"수(水) ∙ 풍(風) ∙ 석(石)뮤지엄은 제주도의 으뜸 요소인 물, 바람, 돌을 각각의 테마로 삼고 있는 공간",토요일+일요일+공휴일,(평일)10:00~17:00,30000원(성인)+15000(초등학생),공연+전시,셔틀버스,비오토피아 주민회,,2022-09-30
상천리마을,서귀포시,안덕면,상천리,영아리,오름,,제주특별자치도 서귀포시 안덕면 상천리 산 19,33.33005226,126.3999625,477656,,,,안덕면 상천리 산24번지 일대에 걸쳐 있는 오름,,,,등산,,제주시청,064-120,2022-09-30
상천리마을,서귀포시,안덕면,상천리,아라고나이트 고온천,온천,제주특별자치도 서귀포시 안덕면 산록남로762번길 71 ,제주특별자치도 서귀포시 안덕면 상천리 380-7,33.30296708,126.3921502,,,,,국내 유일의 아라고나이트 심층 고온천,매월3번째수요일,(평일+주말+공휴일)07:00~21:00,35000원(성인)+17500원(어린이),휴양,공용주차장,디아넥스호텔,064-793-6006,2022-09-30
상천리마을,서귀포시,안덕면,상천리,무민랜드제주,전시관,제주특별자치도 서귀포시 안덕면 병악로 420,제주특별자치도 서귀포시 안덕면 상천리 470-6,33.30651247,126.381831,4150,,,,무민 이야기가 예술로 살아 숨쉬는 감성 공간,연중무휴,(평일+주말+공휴일)10:00~19:00,15000원(성인)+14000원(청소년)+12000원(어린이),공연+전시,공용주차장+장애인편의시설+화장실,㈜제이콥,064-794-0420,2022-09-30
서광동리마을,서귀포시,안덕면,서광동리,신화역사공원,자연공원,,제주특별자치도 서귀포시 안덕면 서광리 산24-8,33.29894392,126.3173224,,,,,제주의 신화·역사를 핵심 테마로 한 복합관광단지,연중무휴,(평일+주말+공휴일)00:00~24:00,무료,산책,공용주차장,람정 제주개발주식회사,064-797-5773,2022-09-30
서광동리마을,서귀포시,안덕면,서광동리,이상한나라의 앨리스,지역명소,제주특별자치도 서귀포시 안덕면 중산간서로 1881,제주특별자치도 서귀포시 안덕면 서광리 717-3,33.28897754,126.3216056,,,,,국내 최초 거울로 된 미로! 이상한 나라의 앨리스 안은 마치 아주 넓은 공간에 들어온 느낌으로 배경과 함께 즐기면서 미로 탈출을 체험하는 공간,연중무휴,(평일+주말+공휴일)09:00~19:00,6000원(성인)+5000원+(청소년+어린이+성인단체20인이상)+4000원(청소년단체20인이상+어린이단체20인이상),오락,공용주차장+현금결제+카드결제+화장실+무료WIFI,이상한나라의 앨리스,064-794-4700,2022-09-30
서광동리마을,서귀포시,안덕면,서광동리,서광리123카페,카페,제주특별자치도 서귀포시 안덕면 중산간서로 1769 1층 101~102호,제주특별자치도 서귀포시 안덕면 서광리 122,33.28589606,126.3336473,57.66,,,,핑크뮬리 관광명소,연중무휴,(평일+주말+공휴일)10:00~21:00,3000원(입장료),포토스팟,공용주차장+현금결제+카드결제+화장실+무료WIFI,서광리123카페,0507-1339-4217,2022-09-30
서광동리마을,서귀포시,안덕면,서광동리,소인국테마파크,테마파크,제주특별자치도 서귀포시 안덕면 중산간서로 1878,제주특별자치도 서귀포시 안덕면 서광리 725,33.29056728,126.3225515,,,,,"소인국 테마파크는 2만여평의 부지에 30여개국 100여점의 유명 건축물 미니어처와 제주도의 돌문화, 민속신앙, 공룡화석 등을 갖춘 복합문화공간으로 국내 최대의 미니어처 테마파크",연중무휴,(평일+주말+공휴일)09:00~18:00,12000원(성인)+9000원(청소년+군인+경로+장애인)+7000원(어린이),관람,공용주차장+현금결제+카드결제+화장실+무료WIFI,소인국 테마파크,064-793-5400,2022-09-30
서광서리마을,서귀포시,안덕면,서광서리,트로이테마농원,관광농원,제주특별자치도 서귀포시 안덕면 녹차분재로 56,제주특별자치도 서귀포시 안덕면 서광리 1412,33.29073601,126.302123,,,,,감귤 밭에서 이색 승마체험을 즐길 수 있는 관광농원,연중무휴,(평일+공휴일+하절기)09:00~18:00+(평일+공휴일+동절기)09:00~17:00,12000원(승마체험)+5000원(감귤체험),체험,공용주차장+현금결제+카드결제+화장실+무료WIFI,트로이테마농원,0507-1342-8625,2022-09-30
서광서리마을,서귀포시,안덕면,서광서리,제주신화전설탐방로신나락만나락,관람+체험,제주특별자치도 서귀포시 안덕면 녹차분재로 218,제주특별자치도 서귀포시 안덕면 서광리 산39,33.30472285,126.2994374,,,,,32㎞의 곶자왈 숲길과 돌담길로 이뤄진 탐방로,연중무휴,(평일+주말+공휴일)00:00~24:00,무료,산책,공용주차장,람정 제주개발주식회사,064-797-5773,2022-09-30
서광서리마을,서귀포시,안덕면,서광서리,제주항공우주박물관,박물관,제주특별자치도 서귀포시 안덕면 녹차분재로 218 제주항공우주박물관,제주특별자치도 서귀포시 안덕면 서광리 산39,33.30419233,126.2996913,,,,,"제주항공우주박물관(JAM)은 미래 첨단산업인 우주와 항공을 테마로 교육과 엔터테인먼트를 접목한 체험형 공간과 전시프로그램, 천문대와 전망대 등을 조성하여 방문객들에게 꿈과 비전을 제시함",매월2번째월요일,(평일+주말+공휴일)09:00~18:00,10000원(성인개인)+9000원(성인단체)+8000원(청소년단체+어린이개인),관람,공용주차장+현금결제+카드결제+화장실+무료WIFI,제주국제자유도시개발센터,064-800-2000,2022-09-30
서광서리마을,서귀포시,안덕면,서광서리,오설록티뮤지엄,박물관,제주특별자치도 서귀포시 안덕면 신화역사로 15,제주특별자치도 서귀포시 안덕면 서광리1235-1,33.30591733,126.2894877,,,,,국내 최초의 차박물관,연중무휴,(평일+주말+공휴일)09:00~19:00,무료,관람,공용주차장+현금결제+카드결제+화장실+무료WIFI,㈜오설록,064-794-5312,2022-09-30
서광서리마을,서귀포시,안덕면,서광서리,신화워터파크,워터파크,제주특별자치도 서귀포시 안덕면 신화역사로304번길 98 신화테마파크,제주특별자치도 서귀포시 안덕면 서광리 산24,33.30595681,126.3153914,,,,,"파도풀, 유수풀을 포함한 18개의 풀과 슬라이드, 6개의 식음 매장, 찜질방까지 갖춘 제주 최대 실내외 워터파크로 3,000명까지 동시 수용할 수 있음",연중무휴,(평일+주말+공휴일)12:00~20:00,60000원(자유이용권),오락,공용주차장+현금결제+카드결제+화장실+무료WIFI,람정제주개발주식회사,1670-1188,2022-09-30
서광서리마을,서귀포시,안덕면,서광서리,신화테마파크,테마파크,제주특별자치도 서귀포시 안덕면 신화역사로304번길 98 신화테마파크,제주특별자치도 서귀포시 안덕면 서광리 산35-16,33.30475706,126.31528,,,,,한국 토종 애니메이션으로 세계적인 인기를 끈 라바의 세계관이 곳곳에 심어진 정통 테마파크,연중무휴,(평일+주말+공휴일)10:00~20:00,40000원(자유이용권)+17000원(빅3)+6000원(싱글라이드),오락,공용주차장+현금결제+카드결제+화장실+무료WIFI,람정제주개발주식회사,1670-1188,2022-09-30
창천리마을,서귀포시,안덕면,창천리,신산오름,오름,,제주특별자치도 서귀포시 안덕면 창천리 328,33.26286001,126.3624799,66974,,,,"원형 분화구에서 북쪽으로의 용암유출에 의해 북쪽으로 터진 형태의 말굽형 화구를 이루고 있으며, 오름 사면 대부분이 감귤 밭과 묘지로 이루어져 있음",,,,등산,공용주차장,제주도청,064-120,2022-09-30
화순리마을,서귀포시,안덕면,화순리,화순곶자왈생태탐방숲길,곶자왈,제주특별자치도 서귀포시 안덕면 화순서동로 151,제주특별자치도 서귀포시 안덕면 화순리 2045-5,33.2640498,126.3319324,,,,,"하나의 숲에서 북방한계식물과 남방한계식물을 동시에 관찰할 수 곳이며, 총 9km에 걸쳐 분포하나, 기본 코스의 경우 보통 걸음으로 30~40분이며 한 바퀴를 다 둘러볼 수 있음",연중무휴,(평일+주말+공휴일)00:00~24:00,무료,산책,공용주차장+화장실+무료WIFI,제주 곶자왈 도립공원,064-794-9008,2022-09-30
화순리마을,서귀포시,안덕면,화순리,화순금모래해변,해변,,제주특별자치도 서귀포시 안덕면 화순리 776-8,33.23998555,126.3335908,,,,,"소금막 해변 백사장이 넓게 펼쳐져 있고 뒤로는 산방산이 있으며, 앞으로는 가파도, 마라도, 형제섬 등이 한눈에 펼쳐져, 마치 동양의 산수화를 연상케 할 만큼 아름다운 해변이 있음",연중무휴,(평일+주말+공휴일)00:00~24:00,무료,해수욕,공용주차장+화장실+무료WIFI,서귀포시청,064-120,2022-09-30
화순리마을,서귀포시,안덕면,화순리,화순금모래해수욕장 담수풀장,해수욕장풀장,제주특별자치도 서귀포시 안덕면 화순해안로 66-13,제주특별자치도 서귀포시 안덕면 화순리 851-3,33.24102665,126.3314397,,,,,"용천수를 활용한 풀장이어서 물이 차갑지만, 소금끼 없는 깨끗한 물에서 바다를 바라보며 물놀이를 즐길 수 있어 인기가 좋음",동절기+간절기,(평일+주말+공휴일)10:00~19:00,무료,물놀이,공용주차장+현금결제+카드결제+화장실+무료WIFI,서귀포시청,064-120,2022-09-30
가시리마을,서귀포시,표선면,가시리,갑선이오름,오름,,제주특별자치도 서귀포시 표선면 가시리 산 2,33.36085811,126.7816587,252799,,,,"비고 83m의 말굽형 화구를 지닌 화산체로, 껍질을 미처 벗지 못한 매미의 굼벵이와 그 모습이 닮아 붙여진 명칭",,,,등반,,제주시청,064-120,2022-09-30
가시리마을,서귀포시,표선면,가시리,설오름,오름,,제주특별자치도 서귀포시 표선면 가시리 산1 ,33.3710606,126.7695443,273810,,,,"비고 98m의 말굽형 화구를 지닌 화산체로, 가시리를 통과하는 가마천이 오름 서측 화구를 휘돌아 흐름",,,,등반,,제주시청,064-120,2022-09-30
가시리마을,서귀포시,표선면,가시리,따라비오름,오름,,제주특별자치도 서귀포시 표선면 가시리 산62,33.38870473,126.7528573,448111,,,,"비고 107m의 복합형 화산체로, 3개의 굼부리가 이어진 모습이 특징",,,,등반,,제주시청,064-120,2022-09-30
가시리마을,서귀포시,표선면,가시리,대록산(큰사슴이오름),오름,,제주특별자치도 서귀포시 표선면 가시리 산68,33.39913515,126.7295424,522097,,,,"대록산 정상에 올라가면 제주 동부권의 여러 오름을 조망할 수 있으며, 정석비행장에서의 연습용 항공기 이착륙을 볼 수 있는 오름",,,,등반,,제주시청,064-120,2022-09-30
가시리마을,서귀포시,표선면,가시리,가문이오름,오름,,제주특별자치도 서귀포시 표선면 가시리 산158-2,33.40213522,126.688208,116176,,,,"말굽형의 분화구를 하고 있는 가문이 오름은 흰 노루귀, 분홍 노루귀 등의 생소한 야생화가 자라고 있으며, 울창한 숲이 우거져 '신령스러운 산'이라는 의미도 포함함",,,,등반,,제주시청,064-120,2022-09-30
가시리마을,서귀포시,표선면,가시리,구두리오름,오름,,제주특별자치도 서귀포시 표선면 가시리 산158-2,33.40996192,126.6880403,451437,,,,"제동목장 관리사무소와 경주마육성목장 사이에 위치한 오름으로써, 꽤 높고 가파른 사면을 이루면서 동쪽으로 깊숙이 패이고, 아래쪽으로 좁게 비탈지면서 위쪽으로는 둥글고 넓적하게 우묵진 말굽형 화구를 이루는 것이 특징",,,,등반,,제주시청,064-120,2022-09-30
가시리마을,서귀포시,표선면,가시리,마은이옆,오름,,제주특별자치도 서귀포시 표선면 가시리 산158,33.3917482,126.6642873,119062,,,,"비고 53m로 비교적 완만한 편이지만, 서쪽 기슭은 다소 가파르며, 전사면은 자연림이 숲을 이루고 있고, 오름 주위에는 복수초군락과 작은 계곡이 있음",,,,등반,,제주시청,064-120,2022-09-30
가시리마을,서귀포시,표선면,가시리,번널오름,오름,,제주특별자치도 서귀포시 표선면 가시리 산10,33.37432227,126.7458996,129713,,,,비고 62m로 정상에 오르면 가시리 조랑말체험공원의 풍경을 바라볼 수 있는 오름,,,,등반,,제주시청,064-120,2022-09-30
가시리마을,서귀포시,표선면,가시리,병곳오름,오름,,제주특별자치도 서귀포시 표선면 가시리 산8,33.36703884,126.7483747,482903,,,,"비고 113m 말굽형 화구를 지닌 화산체로서, 병고악이라고도 불리는데, 이는 병의 주둥이와 같다 하여 붙여진 명칭",,,,등반,,제주시청,064-120,2022-09-30
가시리마을,서귀포시,표선면,가시리,붉은오름,오름,,제주특별자치도 서귀포시 표선면 가시리 산158,33.39986358,126.6795307,585044,,,,"비고 129m 원형화구를 지닌 화산체로서, 고려시대 삼별초 항쟁에서 여몽연합군과 싸우다 흘린 피가 흙의 색처럼 붉다고 하여 붙여진 명칭이라는 설이 있음",,,,등반,,제주시청,064-120,2022-09-30
가시리마을,서귀포시,표선면,가시리,소록산,오름,,제주특별자치도 서귀포시 표선면 가시리 산 87-1,33.40057859,126.7227834,386069,,,,"비고 102m 말굽형 화구를 지닌 화산체로서, 소록산 알봉에서는 정석비행장의 풍경을 볼 수 있음",,,,등반,,제주시청,064-120,2022-09-30
가시리마을,서귀포시,표선면,가시리,여문영아리,오름,,제주특별자치도 서귀포시 표선면 가시리 산145,33.38266068,126.6942341,600325,,,,"비고 134m 말굽형 화구를 지닌 화산체로서, 신령스러운 여인이 머리를 풀고 앉아있는 모습이라 해서 영아악이라고도 불림",,,,등반,,제주시청,064-120,2022-09-30
가시리마을,서귀포시,표선면,가시리,쳇망오름,오름,,제주특별자치도 서귀포시 표선면 가시리 산158-2,33.39554247,126.6919412,140916,,,,"비고 55m 말굽형 화구를 지닌 화산체로서, 오름이 동쪽의 가시천을 바라보는 형국이라고 하여 한자 표기로 ‘천망악(川望岳)’이라고도 함",,,,등반,,제주시청,064-120,2022-09-30
가시리마을,서귀포시,표선면,가시리,정석항공관,전시관,제주특별자치도 서귀포시 표선면 녹산로 554,제주특별자치도 서귀포시 표선면 가시리 3795-2,33.39414938,126.7224719,9256.19,,,,1993 대전 엑스포 당시 대한항공의 미래항공관을 엑스포가 끝나자 1998년에 제주도 정석비행장 옆으로 그대로 옮긴 항공박물관,월요일+명절,(평일+주말+공휴일)09:00~17:00,무료,관람,공용화장실+공용주차장,(주)대한항공,064-783-9811,2022-09-30
가시리마을,서귀포시,표선면,가시리,조랑말체험공원,테마파크,제주특별자치도 서귀포시 표선면 녹산로 381-15,제주특별자치도 서귀포시 표선면 가시리 3149-33,33.38310427,126.7362876,,,,,"제주의 말 문화를 쉽고 재밌게 이해하고 체험할 수 있는 조랑말체험공원은 600년 목축 문화의 역사를 녹여 만든 조랑말박물관, 너른승마체험장, 마음카페 등을 운영하고 있음",연중무휴,(평일+주말+공휴일)09:00~18:00,12000원(승마체험A코스)+25000원(승마체험B코스)+50000원(목장산책+트랙)+100000원(1시간체험)+3000원(먹이주기체험1봉지),프로그램체험,공용화장실+공용주차장,가시리 마을회,064-787-1305,2022-09-30
가시리마을,서귀포시,표선면,가시리,붉은오름자연휴양림,휴양림,제주특별자치도 서귀포시 표선면 남조로 1487-73,제주특별자치도 서귀포시 표선면 가시리산 158,33.40149368,126.6753607,1900000,,,,"천연숲이 울창한 휴양지로 해맞이 숲길을 따라 말찻오름 정상에서 떠오르는 일출을 감상할 수 있으며, 목재문화체험장, 아로마 테라피실, 편백나무 체험실을 체험해 볼 수 있음",연중무휴,(평일+주말+공휴일)09:00~18:00,1000원(성인개인)+600원(청소년개인+군인)+800원(성인단체)+500원(청소년단체+군인),산책,공용화장실+공용주차장,서귀포시 산림휴양관리소,064-760-3481,2022-09-30
성읍1리마을,서귀포시,표선면,성읍1리,장자오름,오름,,제주특별자치도 서귀포시 표선면 성읍리 2759-1,33.38891703,126.7756235,,,,,노지 오름쪽을 머리로 남동으로 길게 누운 모습으로 세 단계의 기복으로 봉우리를 이루고 있는 오름,,,,등반,,제주시청,064-120,2022-09-30
성읍1리마을,서귀포시,표선면,성읍1리,영주산,오름,,제주특별자치도 서귀포시 표선면 성읍리 산15,33.4045686,126.7962391,,,,,"비고 176m의 말굽형 화구를 지닌 화산체로서, 높은 비고를 가졌기 때문에 정상에서의 조망권이 매우 좋음",,,,등반,,제주시청,064-120,2022-09-30
성읍1리마을,서귀포시,표선면,성읍1리,성읍무형문화재전수관,전시관,제주특별자치도 서귀포시 표선면 성읍정의현로 19,제주특별자치도 서귀포시 표선면 성읍리 775-1,33.38450521,126.8003108,,,,,성읍민속마을의 무형문화재전시관,,,,전시관,화장실+공용주차장,,,2022-09-30
성읍1리마을,서귀포시,표선면,성읍1리,성읍랜드,테마파크,제주특별자치도 서귀포시 표선면 번영로 2650,제주특별자치도 서귀포시 표선면 성읍리 2045-1,33.39858877,126.7869282,,,,,"승마, 카트 등의 레저체험이 가능한 테마파크",연중무휴,(평일+주말+공휴일)10:00~17:30,25000원(카트1인용)+35000원(카트2인용)+30000원(승마15분둘레코스+ATV15분기본코스)+40000원(승마20분더블코스)+60000원(승마30분고급외승트래킹)+120000원(승마1시간고급외승트래킹)+50000원(ATV30분고급투어코스),프로그램체험,화장실+공용주차장,성읍랜드,064-787-5324,2022-09-30
성읍2리마을,서귀포시,표선면,성읍2리,낙타트래킹,관람+체험,제주특별자치도 서귀포시 표선면 번영로 2564-21,제주특별자치도 서귀포시 표선면 성읍리 2684,33.40269688,126.7786275,,,,,낙타트래킹 체험 및 낙타먹이주기 체험이 가능한 테마파크,,(평일+주말+공휴일)09:00-17:00,15000원(성인+청소년+어린이)+무료(36개월미만보호자동반시),프로그램체험,화장실+공용주차장,,064-787-2256,2022-09-30
성읍2리마을,서귀포시,표선면,성읍2리,모지오름,오름,,제주특별자치도 서귀포시 표선면 성읍리산 22,33.39360076,126.7681708,,,,,"비고 86m의 말굽형 화산체이며, 굼부리 안에 알오름이 있음",,,,등반,,제주시청,064-120,2022-09-30
성읍2리마을,서귀포시,표선면,성읍2리,좌보미오름,오름,,제주특별자치도 서귀포시 표선면 성읍리 산6,33.43609462,126.8067847,,,,,"비고 112m의 말굽형(남향)화구를 지닌 화산체로서, 5개의 큰 봉우리가 서로 연결되어 하나의 기형적 형태의 커다란 산체를 형성한 형태임",,,,등반,,제주시청,064-120,2022-09-30
성읍2리마을,서귀포시,표선면,성읍2리,백약이오름,오름,,제주특별자치도 서귀포시 표선면 성읍리 산1,33.43679951,126.7897733,,,,,약초가 많이 자생하고 있다고 하여 백약이오름,,,,등반,,제주시청,064-120,2022-09-30
성읍2리마을,서귀포시,표선면,성읍2리,개오름,오름,제주특별자치도 서귀포시 표선면 성읍이리로57번길 162,제주특별자치도 서귀포시 표선면 성읍리 2974,33.42257873,126.7718543,,,,,모양이 개모양 같다고 하여 붙여진 개오름,,,,등반,공용주차장,제주시청,064-120,2022-09-30
성읍2리마을,서귀포시,표선면,성읍2리,목장카페 드르쿰다,테마파크,제주특별자치도 서귀포시 표선면 번영로 2454,제주특별자치도 서귀포시 표선면 성읍리 2873,33.40946197,126.770346,,,,,레저와 카페를 모두 한 곳에 담은 초대형 목장카페,연중무휴,(평일+주말+공휴일)10:00~18:00,9000원(사격30발)+30000원(승마B코스)+38000원(승마A코스)+15000원(카트1인승+승마C코스),프로그램체험,화장실+공용주차장,드르쿰다,064-787-5220,2022-09-30
성읍2리마을,서귀포시,표선면,성읍2리,다이다믹메이즈 제주,테마파크,제주특별자치도 서귀포시 표선면 번영로 2644,제주특별자치도 서귀포시 표선면 성읍리 2381,33.39913816,126.7852768,,,,,미로속에서 차원을 넘나들며 역동적인 체험을 즐길 수 있는 실내 프로그램,공휴일,(평일+주말)09:00~18:00,14000원(다이나믹메이즈Ep.3)+10000원(레벨2)+19000원(패키지)+9000원(도민다이나믹메이즈Ep.3)+8000원(도민레벨2)+13000원(도민패키지),프로그램체험,화장실+공용주차장,다이다믹메이즈 제주,064-787-8774,2022-09-30
세화2리마을,서귀포시,표선면,세화2리,매오름,오름,,제주특별자치도 서귀포시 표선면 세화리 산 7,33.31763213,126.8136028,353972,,,,"오름의 생김새가 날아오르기 위해 잔뜩 웅크린 매의 형상을 닮았다 하여 매봉, 매오름이라고 부름, 오름에는 주로 소나무와 삼나무가 조림되어 있고 최근에는 산책로가 새로 개설되고 체력단련 기구도 설치되어 매봉을 오르는 등산객의 수가 점차 늘어나고 있음",연중무휴,,무료,등산,,제주도청,064-120,2022-09-30
알토산마을,서귀포시,표선면,토산2리,토산봉,오름,,제주특별자치도 서귀포시 표선면 토산리 산 13,33.32200741,126.77427,,,,,토산리에 있는 도보로 올라가기 좋은 오름,연중무휴,,무료,도보여행,,제주도청,064-120,2022-09-30
알토산마을,서귀포시,표선면,토산2리,가세오름,오름,,제주특별자치도 서귀포시 표선면 토산리 산 5,33.33014595,126.7813272,,,,,탐방의 소소한 재미를 주는 가세오름,연중무휴,,무료,도보여행,,제주도청,064-120,2022-09-30
알토산마을,서귀포시,표선면,토산2리,알오름,오름,,제주특별자치도 서귀포시 표선면 토산리 산 11,33.32788094,126.7776999,,,,,올레 1코스의 한 부분으로 관광객들이 자주 찾는 가볍게 걷기 좋은 오름,연중무휴,,무료,도보여행,,제주도청,064-120,2022-09-30
표선리마을,서귀포시,표선면,표선리,제주민속촌,민속촌,제주특별자치도 서귀포시 표선면 민속해안로 631-34,제주특별자치도 서귀포시 표선면 표선리 40-1,33.32237839,126.8423107,,2001-04-13,,,"제주민속촌은 제주의 문화유산을 원형 그대로 보존하기 위해 19세기 기준 연대로 산촌, 중산간촌, 어촌, 토속신앙을 비롯하여 제주영문과 유배소 등을 전문가의 고증을 통해 구성한 박물관임, 특히 100여 채에 달하는 옛 제주 사람들이 실제 거주했던 가옥들을 전시되어 있으며, 이 가옥 곳곳에서는 민속공예 장인들이 옛 솜씨를 되살리기 위해 노력하고 있음",연중무휴,(평일+주말+공휴일)08:30~19:00,12000원(성인)+10000원(경로)+9000원(청소년+군경)+8000원(어린이),관람,주차장+예약+반려동물동반+화장실+장애인편의시설,제주민속촌,064-787-4501,2022-09-30
표선리마을,서귀포시,표선면,표선리,제주허브동산,식물원,제주특별자치도 서귀포시 표선면 돈오름로 170,제주특별자치도 서귀포시 표선면 표선리 2608,33.33039253,126.8151813,,2009-07-14,,,"2만6천평의 허브동산 속에 약 150여 종의 허브와 우리 산하의 야생화가 채워진 각양각색의 정원과 작은 동산들, 그리고 2,000여 평의 체험감귤 농장 등 다양한 형태의 테마공원이 조성되어 있음, 또한 허브동산을 휘어감은 산책로, 허브샵, 카페 등 연인들의 최고 데이트코스로, 가족사랑의 공간으로 손색이 없음",연중무휴,(평일+주말+공휴일)09:00~22:00,12000원(성인)+10000원(청소년)+9000원(어린이),관람,단체석+주차장+예약+무료WIFI+반려동물동반+화장실+장애인편의시설,제주허브동산,064-787-7362,2022-09-30
표선리마을,서귀포시,표선면,표선리,표선해수욕장,해변,,제주특별자치도 서귀포시 표선면 표선리,33.32749334,126.8374227,,,,,원형의 백사장을 가진 야영에 적합한 해수욕장,연중무휴,,무료,해변,화장실+샤워장,제주도청,064-120,2022-09-30
하천리마을,서귀포시,표선면,하천리,세계술박물관,박물관,제주특별자치도 서귀포시 표선면 한마음초등로 431,제주특별자치도 서귀포시 표선면 하천리 1814-1,33.35396909,126.8175918,,2015-12-02,,,"세계 술 박물관은 그동안 만들어졌던 다양한 종류의 술들을 보존하며, 그 술들에 관해 한 공간에서 볼 수 있는 박물관",연중무휴,(평일+주말+공휴일)09:00~18:00,7000원(성인)+5000원(경로+청소년)+2000원(초등학생),관람,주차장+예약+화장실+장애인편의시설,세계술박물관,064-787-9500,2022-09-30
하효마을,서귀포시,하효동,없음,쇠소깍,계곡,제주특별자치도 서귀포시 쇠소깍로 104,제주특별자치도 서귀포시 하효동 990-1,33.25423312,126.6224481,47130,2011-06-30,,,물놀이와 레저체험을 할 수 있는 계곡,연중무휴,(평일+주말+공휴일+하절기)09:00~18:00+(평일+주말+공휴일+동절기)09:00~17:00,8000원(테우성인)+5000원(테우어린이)+20000원(전통조각배성인)+25000원(전통조각배 성인2인+어린이1인),물놀이+테우체험,공용주차장+현금결제+카드결제+화장실+편의점+음료대+유도 및 안내시설,서귀포시청,064-120,2022-09-30
하효마을,서귀포시,하효동,없음,쇠소깍 해변,해변,,제주특별자치도 서귀포시 하효동 997-3,33.25132924,126.6229864,,,,180,쇠소깍 근처의 해수욕장(7~8월 운영),동절기+간절기,(평일+주말+공휴일+하절기)00:00~24:00,무료,물놀이,샤워실+탈의실+화장실+급수대+매점+파라솔,서귀포시청,064-120,2022-09-30
호근동마을,서귀포시,호근동,없음,서귀포 치유의숲,숲,제주특별자치도 서귀포시 산록남로 2271,제주특별자치도 서귀포시 호근동 산 4,33.29192486,126.5278876,174000000,2016-06-26,600,78,산림의 다양한 환경요소를 활용할 수 있도록 조성한 산림,연중무휴,(평일+주말+공휴일+하절기)09:00~18:00+(평일+주말+공휴일+동절기)09:00~17:00,1000원(성인)+600원(청소년+군인)+800원(성인단체),산림프로그램 체험,공용주차장+화장실+쉼터,제주도청,064-120,2022-09-30
호근동마을,서귀포시,호근동,없음,각시바우오름,오름,,제주특별자치도 서귀포시 호근동 2112,33.27674835,126.5261284,585988,,,,"정상부는 서귀포 앞바다를 전망 가능, 주변 좋은 경치로 예로부터 선비들이 풍류를 즐긴 곳",연중무휴, ,무료,등산,,제주도청,064-120,2022-09-30
호근동마을,서귀포시,호근동,없음,돔베낭골,자연명소,,제주특별자치도 서귀포시 호근동,33.23950366,126.5330891,,,,57,돔베를 닮은 해안절벽,연중무휴,,무료,자연관광,공용주차장+화장실,제주도청,064-120,2022-09-30
김녕리마을,제주시,구좌읍,김녕리,제주김녕미로공원,공원+수목원,제주특별자치도 제주시 구좌읍 만장굴길 122,제주특별자치도 제주시 구좌읍 김녕리 산16,33.53652873,126.7722364,13200,,,,"우리나라 최초의 미로공원, 제주도를 상징하는 독창적인 디자인을 고안하여 남녀노소 즐길 수 있는 공간",연중무휴,(평일+주말)09:00~17:50,6600원(성인개인)+5500원(청소년개인+경로개인+유공자개인+경증장애인개인+제주도민개인+사병군인개인+성인단체)+4400원(어린이개인+청소년단체+경로단체+유공자단체+경증장애인단체+제주도민단체+사병군인단체)+무료(중증장애인+75세이상),공원 탐방,주차장+무료WIFI+유아시설(놀이방)+화장실+장애인편의시설,제주김녕미로공원,064-782-9266,2022-09-30
김녕리마을,제주시,구좌읍,김녕리,김녕사굴,동굴,,제주특별자치도 제주시 구좌읍 김녕리 201-4,33.54388265,126.7754742,,,,,1962년 12월 3일 만장굴과 함께 천연기념물 제98호로 지정됨,,,,동굴 방문 ,,김녕사굴,064-783-5412,2022-09-30
김녕리마을,제주시,구좌읍,김녕리,제주어른이집,레저+테마,제주특별자치도 제주시 구좌읍 김녕로4길 30,제주특별자치도 제주시 구좌읍 김녕리 2540,33.55264572,126.7439009,,,,,어른 아이 상관없이 누구나 즐길 수 있는 복합놀이문화공간,월요일,(평일+주말)10:00~22:00,,레저 ,단체석+주차장+포장+배달+예약+무료WIFI+화장실,제주어른이집,0507-1368-4718,2022-09-30
김녕리마을,제주시,구좌읍,김녕리,김녕금속공예벽화마을,문화거리,,제주특별자치도 제주시 구좌읍 김녕리 4026,33.55763916,126.7476148,,,,,‘다시방 프로젝트’에 의해 10명의 예술가들이 버려지는 금속 제품과 제주의 현무암을 이용하여 벽화 마을로 탈바꿈함,연중무휴,(평일+주말+공휴일)00:00~24:00,,예술+경관 구경,,제주특별자치도 제주시 구좌읍 김녕리사무소,064-783-5040,2022-09-30
김녕리마을,제주시,구좌읍,김녕리,묘산봉오름,오름,,제주특별자치도 제주시 구좌읍 김녕리 2723,33.54366746,126.744681,157609,,,,고양이가 누워있는 것처럼 보이는 오름,,,,오름 등반,,제주도청,064-120,2022-09-30
김녕리마을,제주시,구좌읍,김녕리,입산봉(삿갓오름),오름,,제주특별자치도 제주시 구좌읍 김녕리 1037-2,33.54756695,126.7582016,314656,,,,산모양이 마치 삿갓을 뒤집어 놓은 것과 같이 보인다 하여 삿갓오름 또는 입산봉이라 불림,,,,오름 등반,,제주도청,064-120,2022-09-30
김녕리마을,제주시,구좌읍,김녕리,청굴물,자연물,,제주특별자치도 제주시 구좌읍 김녕리 1296-1,33.55829321,126.7511531,,,,,용천수로써 김녕 해수욕장과 김녕 금속공예마을 사이에 위치한 물놀이 장소,,,,물놀이 ,,,,2022-09-30
김녕리마을,제주시,구좌읍,김녕리,김녕성세기해변인증센터,자전거길,제주특별자치도 제주시 구좌읍 해맞이해안로 9,제주특별자치도 제주시 구좌읍 김녕리 497-4,33.55685446,126.759923,,,,,김녕해수욕장 입구 쪽 주차장에 위치한 자전거여행 인증센터,,,,자전거 타기,,,,2022-09-30
김녕리마을,제주시,구좌읍,김녕리,김녕항,항구,,제주특별자치도 제주시 구좌읍 김녕리 4211,33.55977253,126.7373134,,,,,맑고 푸른 바다와 다양한 형태의 기암절벽이 조화를 이루고 있는 경관을 볼 수 있는 곳,,,,,,,,2022-09-30
김녕리마을,제주시,구좌읍,김녕리,김녕해수욕장,해수욕장+해변,,제주특별자치도 제주시 구좌읍 김녕리 497-4,33.5574303,126.7593156,49000,,,200,코발트 빛 바다와 질 좋은 모래사장,동절기+간절기,,,물놀이+수상 레저,공용주차장+화장실+흡연구역+편의점+음료대+유도 및 안내시설,김녕해수욕장,064-728-3988,2022-09-30
김녕리마을,제주시,구좌읍,김녕리,세기알 해변,해수욕장+해변,,제주특별자치도 제주시 구좌읍 김녕리 1200-5,33.55789842,126.7555049,,,,,김녕해수욕장으로부터 500m이내에 스노클링 장소로 유명한 곳,,,,물놀이+스노클링 ,,제주시청,064-120,2022-09-30
덕천리마을,제주시,구좌읍,덕천리,덕천리 팔자 좋아 길,마을길,,제주특별자치도 제주시 구좌읍 덕천리 산77-1,33.4826077,126.7462832,,,,,"웃못연못을 시작으로 숲터널, 사근이오름을 거쳐 상덕천삼거리, 북오름굴 고사리 밭, 주체오름까지 돌아보고 다시 삼덕천삼거리로 돌아오는 8자 모양의 길",,,,숲길 산책,,제주특별자치도 제주시 구좌읍 덕천리사무소,064-783-5965,2022-09-30
덕천리마을,제주시,구좌읍,덕천리,북오름,오름,,제주특별자치도 제주시 구좌읍 덕천리 산 69,33.48728788,126.7401714,168850,,,,"제주특별자치도 제주시 구좌읍 덕천리에 있는 오름, 명칭은 오름의 형상이 북을 닮은 데에서 유래함",,,,오름 등반 ,,제주도청,064-120,2022-09-30
덕천리마을,제주시,구좌읍,덕천리,어대오름,오름,,제주특별자치도 제주시 구좌읍 덕천리 509-1,33.49564902,126.7608319,117905,,,,"기생 화산, 제주특별자치도 제주시 구좌읍 덕천리에 있는 오름, 어두름 또는 어대악(御帶岳, 魚岱岳)이라고도 함",,,,오름 등반 ,,제주도청,064-120,2022-09-30
동복리마을,제주시,구좌읍,동복리,제주바다체험장,체험,,제주특별자치도 제주시 구좌읍 동복리 608-3,33.55474587,126.7217064,,,,,다양한 해산물 직접 잡고 만질 수 있음. 실내에 위치하여 날씨에 상관없음,,,,체험,,제주바다체험장,064-784-5757,2022-09-30
동복리마을,제주시,구좌읍,동복리,동복관광체험어장,체험,제주특별자치도 제주시 구좌읍 구좌해안로 35,제주특별자치도 제주시 구좌읍 동복리 687-10,33.55590229,126.718771,,,,,직접 해산물을 채취해 볼 수 있는 체험장. 잡은 해산물을 가져가서 요리도 가능함,,,,체험,,,,2022-09-30
상도리마을,제주시,구좌읍,상도리,해녀박물관,박물관,제주특별자치도 제주시 구좌읍 해녀박물관길 26,제주특별자치도 제주시 구좌읍 상도리 3204-1,33.52351244,126.8628811,,,,,바당의 어멍 제주 해녀의 삶을 느낄 수 있는 곳,월요일,(평일+주말)09:00~17:00,1100원(개인25세이상64세까지)+800원(단체25세이상64세까지)+500원(개인13세이상24세까지)+300원(단체13세이상24세까지)+무료(어린이개인+어린이단체),공연+전시,공용주차장+화장실+무료WIFI+음료대+유도 및 안내시설+경보 및 피난시설+임산부휴게시설+엘리베이터,제주도청,064-120,2022-09-30
상도리마을,제주시,구좌읍,상도리,마이시크릿포레스트,자연공원,제주특별자치도 제주시 구좌읍 상도동길 124-46,제주특별자치도 제주시 구좌읍 상도리 산 46-3,33.50285255,126.8694193,,,,,옛 쓰레기 매립장이 사람들의 따뜻한 참여와 함께 신선한 향이 가득하게 재탄생한 숲이며 이니스프리가 관리함,,,,산책,,,02-6008-2461,2022-09-30
세화마을,제주시,구좌읍,세화리,다랑쉬굴,굴,,제주특별자치도 제주시 구좌읍 세화리 2608-3,33.4679956,126.8313463,,,,,"4·3사건 당시 하도리, 종달리 주민 11명이 피신해 살다가 굴이 발각되어 집단희생 당한 곳",,,,,,,,2022-09-30
세화마을,제주시,구좌읍,세화리,다랑쉬오름,오름,,제주특별자치도 제주시 구좌읍 세화리 산6 ,33.47768541,126.8215343,800463,,,,"산봉우리의 분화구가 마치 달처럼 둥글게 보인다 하여 다랑쉬(도랑쉬, 달랑쉬)라 불렸다는 설과, 높다는 뜻의 '달'에 봉우리의 뜻을 가진 '수리(쉬)'가 합쳐져 불려진 이름이라는 주장이 있는 오름",,,,오름 등반,,제주도청,064-120,2022-09-30
세화마을,제주시,구좌읍,세화리,세화해변,해변,제주특별자치도 제주시 구좌읍 해녀박물관길 27,제주특별자치도 제주시 구좌읍 세화리 1-1,33.52514366,126.8602546,,,,,인생 사진을 남길 수 있는 인생 바다,,,무료,해수욕,공용주차장+화장실+편의점+음료대+유도 및 안내시설,제주시청,064-120,2022-09-30
송당리마을,제주시,구좌읍,송당리,SN박물관(스누피가든),관람공원,제주특별자치도 제주시 구좌읍 금백조로 930,제주특별자치도 제주시 구좌읍 송당리 2303-3,33.4441771,126.7782184,,,,,피너츠 에피소드를 자연 속에서 직접 경험하면서 휴식을 통한 위로를 얻는 곳,연중무휴,(하절기)09:00~19:00+(동절기)09:00~18:00,18000원(성인개인)+15000원(청소년개인+성인단체)+13000원(청소년단체)+12000원(어린이개인)+11000원(어린이단체)+9000원(장애인+국가유공자)+20%할인(제주도민+경로65세이상),관람+체험,화장실+내부카페+엘리베이터,스누피가든,064-903-1111,2022-09-30
송당리마을,제주시,구좌읍,송당리,비밀의 숲,산림목,,제주특별자치도 제주시 구좌읍 송당리 2173,33.45360692,126.7549294,,,,,안돌오름 안에 있는 사유지에서 즐기는 산림욕,연중무휴,(평일+주말)09:00~18:30,3000원(성인)+2000원(65세이상)+1000원(7세이하)+무료(3세이하),산림욕,비포장도로초입화장실,비밀의숲,0507-1323-4609,2022-09-30
송당리마을,제주시,구좌읍,송당리,솔트리수목원,수목원,제주특별자치도 제주시 구좌읍 번영로 2063,제주특별자치도 제주시 구좌읍 송당리 산 126-1,33.43487908,126.7441828,,,,,55년 넘게 가꾼 만 그루가 넘는 나무로 꾸민 수목원,월요일,(하절기)10:00~18:00+(동절기)09:30~17:30,20000원(성인)+무료(36개월이하),수목원 산책,공중화장실+북카페,솔트리수목원,064-784-0989,2022-09-30
송당리마을,제주시,구좌읍,송당리,안돌오름,오름,,제주특별자치도 제주시 구좌읍 송당리 산 66-2,33.45783281,126.7558722,298148,,,,"말굽형 화구를 이루면서, 화구 안사면의 골이 패인 곳에서만 유일하게 나무가 우거져 자연림의 숲을 이루고 있는 곳",연중무휴,(평일+주말)09:00~18:30,3000원(1인당),오름탐방,,제주도청,064-120,2022-09-30
송당리마을,제주시,구좌읍,송당리,밧돌오름,오름,,제주특별자치도 제주시 구좌읍 송당리 산 66-1 ,33.46071488,126.7600727,372226,,,,"오름 전체에 초지가 있어서 마소들이 있으며, 소나무와 멍게덩굴 등이 자라고 있음. 등성이에도 여러 종류의 야생화가 계절에 따라 피어남",,,,오름탐방,,제주도청,064-120,2022-09-30
송당리마을,제주시,구좌읍,송당리,아부오름,오름,,제주특별자치도 제주시 구좌읍 송당리 2263,33.44858192,126.7772123,314926,,,,오름 둘레까지 어렵지 않게 오를 수 있고 제주오름의 모습을 가깝게 느낄 수 있어 최근 각광 받는 곳,,,,오름탐방,,제주도청,064-120,2022-09-30
송당리마을,제주시,구좌읍,송당리,거슨새미오름,오름,,제주특별자치도 제주시 구좌읍 송당리 산 145,33.4502293,126.7601311,661438,,,,"해발 380m이며 정상에는 경방 초소가 있고, 전망이 좋은 곳",,,,오름탐방,,제주도청,064-120,2022-09-30
송당리마을,제주시,구좌읍,송당리,높은오름,오름,,제주특별자치도 제주시 구좌읍 송당리 산 213-1,33.45641056,126.7930685,951657,,,,"주변 일대에서 유일하게 고도가 400m이상 되는 오름으로 능선미가 선하고, 주위에 산재 된 뭇 오름을 압도하는 느낌을 주어 높은오름이라고 불리는 곳",,,,오름탐방,,제주도청,064-120,2022-09-30
송당리마을,제주시,구좌읍,송당리,돛오름,오름,,제주특별자치도 제주시 구좌읍 송당리 산 3,33.48107879,126.8015043,430425,,,,"비자림 서남쪽으로 이어져 있는 오름으로 풍만한 산체를 이루며, 산정부에서 북동쪽으로 얕게 골이 패어 있는 원형 분화구를 가진 오름",,,,오름탐방,,제주도청,064-120,2022-09-30
송당리마을,제주시,구좌읍,송당리,당오름,오름,,제주특별자치도 제주시 구좌읍 송당리 산 199-1,33.46659854,126.7786077,141135,,,,전체적으로 나직하고 둥그스름한 몸집에 북서쪽으로 침식된 말굽형 화구를 지닌 화산체,,,,오름탐방,,제주도청,064-120,2022-09-30
송당리마을,제주시,구좌읍,송당리,비치미오름,오름,,제주특별자치도 제주시 구좌읍 송당리 산 255-1,33.42755752,126.7632392,388793,,,,북동향으로 벌어진 말굽형 화구를 가지고 있는 오름,,,,오름탐방,,제주도청,064-120,2022-09-30
송당리마을,제주시,구좌읍,송당리,민오름,오름,,제주특별자치도 제주시 구좌읍 송당리 산 156,33.43633836,126.7627906,412245,,,,말굽형 화구를 이루면서 두 봉우리가 서남 동북방향으로 서로 마주보기 있는 형태의 오름,,,,오름탐방,,제주도청,064-120,2022-09-30
송당리마을,제주시,구좌읍,송당리,안친오름,오름,,제주특별자치도 제주시 구좌읍 송당리 880-1,33.47846757,126.7859609,46443,,,,"높이 192m, 둘레 924m, 총면적 4만 6443m² 규모의 기생 화산",,,,오름탐방,,제주도청,064-120,2022-09-30
송당리마을,제주시,구좌읍,송당리,성불오름,오름,,제주특별자치도 제주시 구좌읍 송당리 산 266,33.42212636,126.7499913,380707,,,,송당리에 위치한 소화산체,,,,오름탐방,,제주도청,064-120,2022-09-30
송당리마을,제주시,구좌읍,송당리,문석이오름,오름,,제주특별자치도 제주시 구좌읍 송당리 산234 ,33.44641863,126.7945173,228379,,,,가파른 북쪽 비탈면 위쪽은 억새와 잡초로 덮여 있고 아래쪽은 인공적으로 심은 삼나무로 덮여 있음,,,,오름탐방,,제주도청,064-120,2022-09-30
송당리마을,제주시,구좌읍,송당리,말방목공원,자연공원,제주특별자치도 제주시 구좌읍 금백조로 865-1,제주특별자치도 제주시 구좌읍 송당리 2458,33.4419933,126.7848137,,,,,"산책로, 말 먹이주기 체험 등을 무료로 할 수 있는 곳",,,,자연공원 방문,,말방목공원,,2022-09-30
송당리마을,제주시,구좌읍,송당리,동쪽송당,종합공원,제주특별자치도 제주시 구좌읍 비자림로 1181 ,제주특별자치도 제주시 구좌읍 송당리 2635-3,33.43548274,126.731196,,,,,창업주 강동화회장이 도민과 관광객을 위해 개원한 종합공원,연중무휴,(평일+주말)09:00~18:00,,자연공원 방문,주차장+화장실,동쪽송당,064-743-5000,2022-09-30
월정리마을,제주시,구좌읍,월정리,만장굴,동굴,제주특별자치도 제주시 구좌읍 만장굴길 182,제주특별자치도 제주시 구좌읍 월정리 산 41-5,33.52844651,126.7713399,,,,,천연 기념물 제98호로 수십만 년 전에 형성된 동굴로서 내부의 형태와 지형이 잘 보존되어 있는 제주도의 용암동굴,매월1번째수요일,(평일+주말+공휴일)09:00~18:00,4000원(성인개인)+3000원(성인단체)+2000원(청소년개인+군인개인+어린이개인)+1500원(청소년단체+군인단체+어린이단체),동굴방문 ,공용주차장+현금결제+카드결제+화장실+무료WIFI+편의점+음료대,만장굴,064-710-7903,2022-09-30
월정리마을,제주시,구좌읍,월정리,월정리해수욕장,해수욕장+해변,,제주특별자치도 제주시 구좌읍 월정리 33-3,33.55646353,126.7958051,,,,,제주도의 동쪽에 위치하고 있는 마을인 월정리의 에메랄드 빛의 풍경화처럼 아름다운 해변,,,무료,물놀이,공용주차장+화장실+편의점+음료대+유도 및 안내시설,월정리해수욕장종합상황실,064-728-3906,2022-09-30
종달리마을,제주시,구좌읍,종달리,종달고망난돌쉼터,근린공원,,제주특별자치도 제주시 구좌읍 종달리 112-4,33.51019382,126.9068362,,,,,"종달해안도로를 지나다 하도해수욕장에 도달할 때 쯤 고망난돌쉼터를 만날 수 있으며, 빠름을 좋아하는 사람들에게는 그 모습을 드러내지 않는 곳이기도 함. 지나치기 쉬운 숨은 명소",,,,공원 산책,,,,2022-09-30
종달리마을,제주시,구좌읍,종달리,용눈이오름,오름,,제주특별자치도 제주시 구좌읍 종달리 산 28,33.45988068,126.8326771,404264,,,,"능선의 아름다움을 뽐내는 오름, 김영갑 작가가 사랑한 오름. 2023년 1월 31일까지 자연휴식년제(출입제한)을 시행",,,,오름탐방,,제주도청,064-120,2022-09-30
종달리마을,제주시,구좌읍,종달리,손지오름,오름,,제주특별자치도 제주시 구좌읍 종달리 산 52,33.45528416,126.8194209,279921,,,,한라산의 축소판이라 해서 한라산의 손자라는 의미로 ‘손지오름’이라 불리는 오름,,,,오름탐방,,제주도청,064-120,2022-09-30
종달리마을,제주시,구좌읍,종달리,지미봉,오름,,제주특별자치도 제주시 구좌읍 종달리 산 3-1,33.49931485,126.9024383,423814,,,,종달마을 입구 동쪽 방향에 위치한 오름으로 올레21코스에 자리해 관광객이 많은 찾는 곳,,,,오름탐방,,제주도청,064-120,2022-09-30
종달리마을,제주시,구좌읍,종달리,동검은이오름,오름,,제주특별자치도 제주시 구좌읍 종달리 산 70 ,33.44894445,126.8036695,466283,,,,"일반적인 오름들처럼 둥글고 매끄러운 모습이 아니라 능선이 끊어질 듯 이어지며, 멀리서 보면 여러 개의 오름인 듯 보이는 모양을 하고 있음",,,,오름탐방,공영주차장,제주도청,064-120,2022-09-30
종달리마을,제주시,구좌읍,종달리,종달리해변,해변,,제주특별자치도 제주시 구좌읍 종달리 565-72,33.4963249,126.909875,,,,,비교적 잘 알려지지 않아 조용한 해변,,,,해변 산책,,,064-728-7711,2022-09-30
평대리마을,제주시,구좌읍,평대리,메이즈랜드,테마파크,제주특별자치도 제주시 구좌읍 비자림로 2134-47 ,제주특별자치도 제주시 구좌읍 평대리 3322,33.48825681,126.8008746,,,,,"돌, 바람, 여자를 테마로 조성된 미로공원",연중무휴,(평일+주말)09:00~18:00,11000원(성인개인)+9000원(성인단체+청소년개인)+8000원(어린이개인)+7000원(청소년단체)+6500원(어린이단체)+5000원(장애인개인)+3000원(장애인단체),미로공원 ,장애인전용주차장+유모차+휠체어대여+전기자동차충전소 ,메이즈랜드,064-784-3838,2022-09-30
평대리마을,제주시,구좌읍,평대리,평대리해변,해변,,제주특별자치도 제주시 구좌읍 평대리 1994-20,33.53352542,126.8408627,,,,,"월정리해변과 세화해변 사이에 자리하고 있으며, 동쪽바다의 정취를 호젓하게 즐길 수 있는 곳",,,,물놀이,공용주차장+화장실,제주특별자치도 제주시 조천읍사무소,064-728-7882,2022-09-30
평대리마을,제주시,구좌읍,평대리,비자림,휴양림,,제주특별자치도 제주시 구좌읍 평대리 산 15,33.49040792,126.8099865,,,,,"천연기념물 제374호. 구좌읍 평대리에서 서남쪽으로 6km 되는 지점에 448,165㎡ 면적에 500∼800년생 비자나무 2,570그루가 밀집하여 이룬 군락",연중무휴,(평일+주말)09:00~18:00,3000원(성인개인)+2500원(성인단체)+1500원(청소년개인+어린이개인)+1000원(청소년단체+어린이단체),산림욕,공용주차장+현금결제+카드결제+화장실+무료WIFI,비자림,064-710-7912,2022-09-30
하도리마을,제주시,구좌읍,하도리,문주란 자생지,관광+명소,,제주특별자치도 제주시 구좌읍 하도리 산 85,33.5237462,126.9026747,160,,,,토끼섬에 있는 우리나라 유일의 문주란 자생지로 천연기념물 19호,,,,도보여행,,제주특별자치도 제주시 구좌읍 하도리사무소,064-783-3001,2022-09-30
하도리마을,제주시,구좌읍,하도리,하도리 철새도래지,관람공원,,제주특별자치도 제주시 구좌읍 하도리 53-2,33.51041988,126.8963179,,,,,월동하러 가는 철새들의 은신처,,,,철새 관람,공용주차장,,,2022-09-30
하도리마을,제주시,구좌읍,하도리,하도해변,해수욕장+해변,,제주특별자치도 제주시 구좌읍 하도리 52-1,33.51305497,126.8992316,,,,,수심이 얕아 어린아이들도 물놀이 하기 좋은 동쪽의 작은 해변,,,,물놀이,공용주차장+화장실+음료대+유도 및 안내시설+경보 및 피난시설,제주시청,064-120,2022-09-30
한동리마을,제주시,구좌읍,한동리,둔지봉,오름,,제주특별자치도 제주시 구좌읍 한동리 산 40,33.50274116,126.7954013,360185,,,,​‘둔지’는 제주 방언으로 ‘평지보다 조금 높은 곳’을 가리키는 말로 제주도를 한눈에 내려다볼 수 있음,,,,오름탐방,,제주특별자치도 제주시 구좌읍 한동리사무소,064-783-2619,2022-09-30
고내리마을,제주시,애월읍,고내리,고내리 다락쉼터,공원,,제주특별자치도 제주시 애월읍 고내리 462,33.47052109,126.3408735,,,,,고내리 다락쉼터는 제주시 애월읍 고내리 해안가에 있는 조그마한 공원이자 쉼터,연중무휴,(평일+주말+공휴일)00:00~24:00,무료,쉼터,화장실,,,2022-09-30
고내리마을,제주시,애월읍,고내리,고내리포구,포구,,제주특별자치도 제주시 애월읍 고내리 1156-4,33.46716299,126.337548,,,,,제주올레 15코스의 시작점이기도 한 고내리포구의 앞바다에는 고깃배가 정박해 있어 소박한 제주 바다의 풍경을 만나볼 수 있으며 방파제에서는 낚시도 가능,연중무휴,(평일+주말+공휴일)00:00~24:00,무료,어선정박,주차장+화장실,,,2022-09-30
곽지리마을,제주시,애월읍,곽지리,문서프,서핑,제주특별자치도 제주시 애월읍 곽지7길 1,제주특별자치도 제주시 애월읍 곽지리 1635,33.45006976,126.308397,,2016-04-01,,5,아름다운 에메랄드 빛 바다에서 여유롭게 즐기는 서핑,연중무휴,(서핑강습)07:00~19:00+(서핑강습문의)10:00~20:00+(카페)09:00~20:00,50000원(2시간풀강습)+70000원(3시간풀강습)+60000원(자유서핑패키지)+30000원(3시간보드렌탈)+50000원(종일보드렌탈)+10000원(슈트렌탈),서핑강습,샤워실+주차장,문서프,,2022-09-30
곽지리마을,제주시,애월읍,곽지리,곽지해수욕장야영장,캠핑장,,제주특별자치도 제주시 애월읍 곽지리 1565,33.45028883,126.3052494,,,,,바다 뷰와 야자수 그늘이 있는 캠핑장,연중무휴,,10000원,해수욕장,화장실+개수대+주차장,곽지해수욕장 종합상황실,064-728-3985,2022-09-30
곽지리마을,제주시,애월읍,곽지리,곽지해수욕장,해수욕장,,제주특별자치도 제주시 애월읍 곽지리 1565,33.45057861,126.3046716,,,,30,시원한 용천수를 뿜어내는 노천탕이 있는 곳,동절기+간절기,(평일+주말+공휴일)00:00~24:00,무료,해수욕장,주차장+화장실+편의점+음료대+유도 및 안내시설,곽지해수욕장 종합상황실,064-728-3985,2022-09-30
구엄어촌체험마을,제주시,애월읍,구엄리,구엄리돌염전,돌 염전,,제주특별자치도 제주시 애월읍 구엄리 1254-1,33.48342901,126.3764913,,,,,구엄리의 포구를 지나면 만나는 구엄리 돌염전은 넓게 드러누운 현무암 위에 소금을 생산하던 장소,연중무휴,,무료,염전,주차장,,,2022-09-30
금성리마을,제주시,애월읍,금성리,갑자기 히어로즈 벽화길,벽화길,제주특별자치도 제주시 애월읍 금성1길 29-3,제주특별자치도 제주시 애월읍 금성리 569,33.44744735,126.3001742,,,,,제주도 마을 곳곳의 민원을 해결해주는 취지의 프로그램인 갑자기 히어로즈에서 진행한 마을 꾸미기 프로젝트의 일화로 제주시 애월읍 금성리 마을 해안도로에 조성된 벽화 거리,연중무휴,(평일+주말+공휴일)00:00~24:00,무료,산책로,,,,2022-09-30
금성리마을,제주시,애월읍,금성리,금성포구,포구,,제주특별자치도 제주시 애월읍 금성리 573-1,33.44683455,126.2982298,,,,,"애월읍 금성천 하구에 있는 오래된 포구로, 옛날 마한시대 이전부터 육지와 중국을 왕래하는 선박이 드나들었던 유래가 깊은 포구",연중무휴,(평일+주말+공휴일)00:00~24:00,무료,어선정박,주차장+화장실,,,2022-09-30
납읍리마을,제주시,애월읍,납읍리,납읍난대림 금산공원,공원,,제주특별자치도 제주시 애월읍 납읍리 1457-1,33.43367442,126.3301651,,1993-08-19,,,자연림의 원형을 보존하고 있는 천연기념물로서 울창한 상록수림이 특징,연중무휴,(평일+주말+공휴일)00:00~24:00,무료,자연공원,주차장+화장실+편의점,제주도청,064-120,2022-09-30
소길리마을,제주시,애월읍,소길리,풋감마을 소길리 농어촌체험마을,체험마을,제주특별자치도 제주시 애월읍 소길1길 15,제주특별자치도 제주시 애월읍 소길리 650-1,33.44005921,126.3798639,,,,,조용한 소길리에서 즐기는 풋감 천연염색체험 및 마을 탐방로,,(평일+주말)10:00~16:00,10000원,마을관광참여,화장실+주차장,,,2022-09-30
수산리마을,제주시,애월읍,수산리,물뫼힐링팜,농장,제주특별자치도 제주시 애월읍 예원로 51,제주특별자치도 제주시 애월읍 수산리 357-6,33.46454046,126.3964706,,,,,자연 및 농업과 함께 상생하며 다양한 치유 프로그램을 운영하고 있는 치유농장,,,"가격은 프로그램, 시간에 따라 다름",자연체험,화장실+주차장,물뫼힐링팜,,2022-09-30
신엄리마을,제주시,애월읍,신엄리,중엄리새물,관람+체험,제주특별자치도 제주시 애월읍 애월해안로 10-2,제주특별자치도 제주시 애월읍 신엄리 2719-3,33.47835963,126.369322,,,,,제주 올레길 16코스로 애월해안로에 위치하고 있다. 주상절리와 어우러진 해안 절경이 뛰어난 곳,,,무료,자연경관,공용주차장,제주도청,064-120,2022-09-30
신엄리마을,제주시,애월읍,신엄리,남두연대,문화재,,제주특별자치도 제주시 애월읍 신엄리 2780-1,33.47908138,126.3584369,,,,,아름다운 주변에 둘러쌓인 해안 절벽 위에 세워진 연대,,,무료,문화유적지,,제주도청,064-120,2022-09-30
신엄리마을,제주시,애월읍,신엄리,신엄포구,포구,,제주특별자치도 제주시 애월읍 신엄리 2841-13,33.4735454,126.352213,,,,,애월해안도로와 올레길 16코스 내에 위치한 포구,,,무료,자연경관,주차장,제주도청,064-120,2022-09-30
애월리마을,제주시,애월읍,애월리,애월연대,문화재,,제주특별자치도 제주시 애월읍 애월리 1975,33.465656,126.313004,,,,,횃불과 연기를 이용하여 정치·군사적으로 급한 소식을 전하던 통신수단 애월 연대,,,무료,문화유적지,,제주도청,064-120,2022-09-30
애월리마을,제주시,애월읍,애월리,한담해변,해변,,제주특별자치도 제주시 애월읍 애월리,"33.46223680748	",126.310043,,,,,해안길을 따라 산책할 수 있는 제주의 숨은 비경,,,무료,자연경관,공용주차장+화장실+음료대+유도 및 안내시설+경보 및 피난시설,제주도청,064-120,2022-09-30
어음2리마을,제주시,애월읍,어음2리,제주빅볼랜드,관람,제주특별자치도 제주시 애월읍 산록서로 15,제주특별자치도 제주시 애월읍 어음리 산3,33.38900799,126.3768643,,,,,커다란 공안에 들어가 언덕을 굴러 내려오는 레포츠,연중무휴,(평일+주말+공휴일)09:30~18:30,35000원(성인+빅조브)+30000원(조브),체험,공용주차장+현금결제+카드결제+화장실+무료WIFI+음료대+유도 및 안내시설+경보 및 피난시설,제주프라임제주,1588-6418,2022-09-30
어음2리마을,제주시,애월읍,어음2리,아르떼뮤지엄 제주,미술관,제주특별자치도 제주시 애월읍 어림비로 478,제주특별자치도 제주시 애월읍 어음리 1503,33.39669863,126.345002,,,,,국내최대몰입형 미디어아트전시관,연중무휴,(평일+주말+공휴일)10:00~20:00,17000원(성인)+ 13000원(청소년)+10000원(어린이),미술관,,디스트릭트,064-799-9009,2022-09-30
어음2리마을,제주시,애월읍,어음2리,큰바리메,오름,,제주특별자치도 제주시 애월읍 어음리 산 21,33.37710974,126.388043,,,,,오름의 모양이 바리를 닮은 기생화산,,,무료,등산,화장실,제주도청,064-120,2022-09-30
어음2리마을,제주시,애월읍,어음2리,빌레못동굴,천연기념물,,제주특별자치도 제주시 애월읍 어음리 1391 ,33.40441053,126.3504243,,,,,"천연기념물 제342호이며 총 길이 11,749m의 세계에서 가장 긴 동굴이며 출입금지장소",,,,저연경관,,,,2022-09-30
어음2리마을,제주시,애월읍,어음2리,제주안전체험관,체험,제주특별자치도 제주시 애월읍 평화로 1885,제주특별자치도 제주시 애월읍 어음리 41-4,33.39419821,126.373405,5376,,,,쉽게 재난을 경험하고 극복하는 방법을 배울 수 있도록 다양한 안전체험 프로그램을 갖추고 있음,월요일,(평일+주말)09:00~18:00,무료,체험,,제주 안전체험관,064-710-4010,2022-09-30
어음2리마을,제주시,애월읍,어음2리,9.81파크,테마파크,제주특별자치도 제주시 애월읍 천덕로 880-24,제주특별자치도 제주시 애월읍 어음리 산131,33.39029938,126.3667693,12992,2019-04-01,4000,,한라산과 비양도를 품은 푸른 바다를 마주하는 실외 공간과 감각적인 실내 공간을 모두 경험할 수 있는 테마파크,연중무휴,(평일+주말+공휴일)09:00~18:00,어트랙션마다 요금 상이,체험,공용주차장+화장실+편의점,㈜모노리스제주파크,1833-9810,2022-09-30
유수암리마을,제주시,애월읍,유수암리,렛츠런파크 제주,경마장,제주특별자치도 제주시 애월읍 평화로 2144,제주특별자치도 제주시 애월읍 유수암리 1206,33.40824654,126.3977283,,,,,천연기념물 제347호인 ‘제주마’의 보호 및 육성을 위해 1990년 개장된 테마공원,월요일+화요일,(평일+주말)09:30~18:00,2000원(성인+장애인)(금요일+토요일+일요일)+무료(수요일+목요일),체험+기타+공연,공용주차장+현금결제+카드결제+화장실+흡연구역+유도 및 안내시설+경보 및 피난시설,한국마사회,1566-3333,2022-09-30
유수암리마을,제주시,애월읍,유수암리,제주승마공원,승마장,제주특별자치도 제주시 애월읍 녹고메길 152-1,제주특별자치도 제주시 애월읍 유수암리 1175,33.40581267,126.4062374,,,,,국내최대 외승 트래킹 국내 최초 야외 야간 승마 및 전문 승마체험 및 회원제 승마장,연중무휴,(평일+주말+공휴일)09:00~18:00,66000원(곶자왈B)+44000원(곶자왈A),체험,공용주차장+현금결제+카드결제+화장실+무료WIFI+음료대+유도 및 안내시설+경보 및 피난시설,제주승마공원,064-799-9540,2022-09-30
유수암리마을,제주시,애월읍,유수암리,큰노꼬메오름,오름,,제주특별자치도 제주시 애월읍 유수암리 산138,33.38907202,126.4114027,,,,,멋지고 시원한 전망과 바람에 일렁이는 억새를 만날 수 있는 곳,,,무료,등산,공용주차장+화장실,제주도청,064-120,2022-09-30
유수암리마을,제주시,애월읍,유수암리,족은노꼬메오름,오름,,제주특별자치도 제주시 애월읍 유수암리 산138,33.39288551,126.4170735,,,,,큰노꼬메오름의 형제인 족은노꼬메오름,,,무료,등산,,제주도청,064-120,2022-09-30
유수암리마을,제주시,애월읍,유수암리,금덕무환자나무및팽나무군락,자연명소,,제주특별자치도 제주시 애월읍 유수암리 1920,33.44178657,126.4006584,,,,,제주특별자치도 시도기념물 제6호인 제주시 유수암리에 있는 무환자나무와 팽나무로 이루어진 군락,,,무료,자연경관,,제주시청,064-120,2022-09-30
유수암리마을,제주시,애월읍,유수암리,유수암마을,체험마을,제주특별자치도 제주시 애월읍 유수암평화길 14,제주특별자치도 제주시 애월읍 유수암리 1892-1,33.44133474,126.40278,,,,,마을 주민들과 함께하는 농촌체험을 비롯한 전통음식문화체험 등 다양한 체험 가능함,,,,체험,,,,2022-09-30
유수암리마을,제주시,애월읍,유수암리,제주불빛정원,테마파크,제주특별자치도 제주시 애월읍 평화로 2346,제주특별자치도 제주시 애월읍 유수암리 1083,33.42230345,126.4091868,,,,,자연과 휴식이 있는 매력적인 야경의 별이 빛나는 밤 아름다운 추억 테마파크,연중무휴,(평일+주말+공휴일)17:00~24:00,12000원(성인)+10000원(청소년)+8000원(어린이),체험,현금결제+카드결제+화장실,제주불빛정원,064-799-6996,2022-09-30
장전리마을,제주시,애월읍,장전리,장전리 왕벚꽃축제길,거리+도로,,제주특별자치도 제주시 애월읍 장전리 1167-4,33.45213548,126.3838247,,,,,봄 벚꽃소식과 함께 축제의 장이 열리는 곳,,,무료,포토스팟+걷기,,제주도청,064-120,2022-09-30
하가리마을,제주시,애월읍,하가리,육시우영 ,문화유적지,,제주특별자치도 제주시 애월읍 하가리 1386-1,33.45714782,126.3488858,,,,,4.3사건 당시 하가리 주민들을 공개적으로 집단학살한 곳(현재 개인소유지),,,,역사유적,,제주도청,064-120,2022-09-30
하가리마을,제주시,애월읍,하가리,연화지,호수,,제주특별자치도 제주시 애월읍 하가리 1569-2,33.45486103,126.3473594,,,,,제주 서부의 숨은 비경 연화못,,,무료,자연경관,공용주차장+음료대+유도 및 안내시설,제주도청,064-120,2022-09-30
하귀1리마을,제주시,애월읍,하귀1리,영모원,문화유적지,,제주특별자치도 제주시 애월읍 하귀1리 1134-1,33.47201754,126.4173323,,,,,4.3희생자의 신위를 한 곳에 모심으로써 화해와 상생의 표본이 된 곳,,,무료,문화유적지,,제주도청,064-120,2022-09-30
서광리마을,제주시,우도면,서광리,산호해수욕장,해변,,제주특별자치도 제주시 우도면 연평리,33.502478,126.943225,,,,,동양에서 유일하게 백사장이 홍조단괴(紅藻團塊)로 이루어진 해수욕장,,,,물놀이,,제주특별자치도 제주시 우도면사무소,064-728-1527 ,2022-09-30
조일리마을,제주시,우도면,조일리,하고수동해수욕장,해변,,제주특별자치도 제주시 우도면 연평리,33.514439,126.958237,,,,,밀가루를 밟는 듯한 부드러운 모래와 얕은 수심으로 가족단위로 수영을 즐기기에 좋음,,,,물놀이,,제주특별자치도 제주시 우도면사무소,064-728-4352,2022-09-30
조일리마을,제주시,우도면,조일리,검멀레해수욕장,해변,,제주특별자치도 제주시 우도면 연평리,33.497336,126.967151,,,,,총 길이 약 100m의 비교적 작은 규모의 해수욕장이지만 모래찜질을 즐기기에는 최적의 조건을 갖춘 곳,,,,물놀이,,제주특별자치도 제주시 우도면사무소,064-728-4353,2022-09-30
천진리마을,제주시,우도면,천진리,우도등대공원,공원,제주특별자치도 제주시 우도면 우도봉길 105,제주특별자치도 제주시 우도면 연평리 337,33.49294,126.965,,,,,우도봉정상에 위치한 공원,,(평일+주말)09:00~18:00,,공원산책,,우도등대공원,064-783-0180,2022-09-30
천진리마을,제주시,우도면,천진리,우도정원,식물원,제주특별자치도 제주시 우도면 천진길 105,제주특별자치도 제주시 우도면 연평리 1964,33.501916,126.947017,,,,,제주 우도의 이국적인 정원,,(평일+주말)10:00~17:00,4000원(입장료),정원산책,,,,2022-09-30
천진리마을,제주시,우도면,천진리,우도봉(쇠머리오름),오름,,제주특별자치도 제주시 우도면 연평리 산17,33.492092,126.963586,457393,,,,"소가 머리를 들고 누워있는 형태를 띠고 있는데, 머리에 해당하는 부분을 쇠머리오름이라 함",,,,오름등반,,제주도청,064-120,2022-09-30
천진리마을,제주시,우도면,천진리,훈데르트바서파크,테마파크,제주특별자치도 제주시 우도면 우도해안길 32-12,제주특별자치도 제주시 우도면 연평리 1706-1,33.49275715,126.9565077,,2022-03-11,,,색채마술사 훈데르트바서의 작품과 우도의 신비한 아름다움을 담은 테마파크,,(평일+주말)09:30~18:00,5000원(입장권+전이수전展)+6000원(소원체험팩)+8000원(훈데르트바서展)+10000원(패키지권)+15000원(자유이용권),작품감상,주차장+화장실+장애인편의시설 ,이지앤스토리,064-766-6077,2022-09-30
교래삼다수마을,제주시,조천읍,교래리,제주돌문화공원,문화공원,제주특별자치도 제주시 조천읍 남조로 2023 교래자연휴양림,제주특별자치도 제주시 조천읍 교래리 산95,33.44820966,126.6590593,,,,130,제주 특유의 돌문화를 집대성하여 조성한 공원,연중무휴,(평일+주말)09:00~18:00,5000원(성인)+4000원(성인단체+청소년+군인)+무료(어린이),관람+산책,공용주차장+공용화장실,제주돌문화공원,064-710-7733,2022-09-30
교래삼다수마을,제주시,조천읍,교래리,바농오름,오름,,제주특별자치도 제주시 조천읍 교래리 산 108,33.45377549,126.6538018,473953,,,,비고 142m의 복합형 화구를 지닌 화산체,연중무휴,,무료,등반,공용주차장,제주도청 ,064-120,2022-09-30
교래삼다수마을,제주시,조천읍,교래리,큰지그리오름,오름,,제주특별자치도 제주시 조천읍 교래리 산 119,33.44378693,126.6452717,344976,,,,산정부에 원형의 화구와 오름 서쪽 능선에 북동쪽으로 벌어진 말굽형 화구를 동시에 지닌 복합 화산체,연중무휴,,무료,등반,,제주도청 ,064-120,2022-09-30
교래삼다수마을,제주시,조천읍,교래리,물찻오름,오름,,제주특별자치도 제주시 조천읍 교래리 산 137-1,33.39484878,126.6528711,744401,,,,"물찻오름은 2008년부터 입산을 통제하고 있는데,1년에 사려니숲길 에코힐링체험 행사 때만 개방하는 오름",연중무휴,,무료,등반,,제주도청 ,064-120,2022-09-30
교래삼다수마을,제주시,조천읍,교래리,방애오름,오름,,제주특별자치도 제주시 조천읍 교래리 산 45,33.44392229,126.6845203,536966,,,,백록담과 한라산 정상 서벽이 위치한 방애오름은 분화구 주변에 오름인 알오름 2개가 형성된 복합형의 이중화산,연중무휴,,무료,등반,,제주도청 ,064-120,2022-09-30
교래삼다수마을,제주시,조천읍,교래리,돔배오름,오름,,제주특별자치도 제주시 조천읍 교래리 산 64,33.42785414,126.6692411,117259,,,,비고 36m. 원형 화구를 가진 화산체. 돔배는 제주 방언으로 도마를 말하는데 오름 모양새가 도마의 모양과 닮아 명칭,연중무휴,,무료,등반,,제주도청 ,064-120,2022-09-30
교래삼다수마을,제주시,조천읍,교래리,늡서리,오름,제주특별자치도 제주시 조천읍 남조로 2023,제주특별자치도 제주시 조천읍 교래리 산 95,33.44177828,126.6629373,115505,,,,비고 59m. 말굽형(북동향)형태의 오름으로 분화구 외부 경사진 곳에 자연림이 무성하게 숲을 이루고 있음,연중무휴,,무료,등반,,제주도청 ,064-120,2022-09-30
교래삼다수마을,제주시,조천읍,교래리,까끄래기오름,오름,,제주특별자치도 제주시 교래리 128,33.43164668,126.7031502,132944,,,,50미터 정도의 완만한 경사로 비교적 낮은 오름에 속하는 까끄래기오름은 조릿대와 억새가 군락을 이루고 있어 아름다운 경치를 감상할 수 있음,연중무휴,,무료,등반,,제주도청 ,064-120,2022-09-30
교래삼다수마을,제주시,조천읍,교래리,말찻오름,오름,,제주특별자치도 제주시 조천읍 교래리 산 137-1,33.40056659,126.6542458,403935,,,,말찻오름은 물찻오름의 북동쪽 등성이와 맞닿아 이웃해 있는 오름,연중무휴,,무료,등반,,제주도청 ,064-120,2022-09-30
교래삼다수마을,제주시,조천읍,교래리,부소악,오름,,제주특별자치도 제주시 조천읍 교래리 산2,33.44219241,126.7177551,423459,,,,화구방향이 부대악과는 반대방향인 서남쪽으로 얕고 우묵하게 벌어진 말굽형 화구를 이루고 있는 모습이 부대악과는 대조적인 형태를 보여줌,연중무휴,,무료,등반,,제주도청 ,064-120,2022-09-30
교래삼다수마을,제주시,조천읍,교래리,족은지그리오름,오름,,제주특별자치도 제주시 조천읍 교래리 산 119,33.45027603,126.6459915,120674,,,,"족은지그리는 큰지그리와 등을 맞대고 초승달모양의 말굽형 분화구가 화구방향을 달리하고 있으며, 큰지그리와의 접촉부인 한구석에는 자그마한 동산이 탐스럽게 솟아있음",연중무휴,,무료,등반,,제주도청 ,064-120,2022-09-30
교래삼다수마을,제주시,조천읍,교래리,렛츠런팜 제주목장,오름,제주특별자치도 제주시 조천읍 남조로 1660,제주특별자치도 제주시 조천읍 교래리 산25-2,33.41844406,126.681477,,,,,"제주 렛츠런팜은 국내 경주마를 육성하고 관리하는 목장으로 200만㎡가 넘는 면적에 마사와 교배소, 동물병원, 조교용 주로 등을 갖춤",월요일+명절,(평일+주말)10:00~17:00,3000원(트렉터 마차 요금),관람,공용주차장+공용화장실+무료WIFI,한국마사회,064-780-0131,2022-09-30
교래삼다수마을,제주시,조천읍,교래리,산굼부리,자연명소,제주특별자치도 제주시 조천읍 비자림로 768,제주특별자치도 제주시 조천읍 교래리 342-2,33.43257522,126.6938307,464469,1979-06-21,,,"한라산의 기생화산 분화구인 함몰형 측화산으로, 자연의 경치가 빼어난 억새 군락지 중 한 곳",연중무휴,(하절기)09:00~18:40+(동절기)09:00~17:40,6000원(성인)+5000원(성인단체)+4000원(청소년+어린이+경로+국가유공자+장애인)+2500원(청소년단체+어린이단체),관람+산책,공용주차장+공용화장실+쉼터+매점+식당,산굼부리,064-783-9900,2022-09-30
교래삼다수마을,제주시,조천읍,교래리,제주센트럴파크,테마파크,제주특별자치도 제주시 조천읍 비자림로 606,제주특별자치도 제주시 조천읍 교래리 산56-4,33.43345102,126.6744057,,2022-08-11,,822,국내 최초 세계 미니어처 박물관으로 각 나라의 우수한 건축물을 전시함,연중무휴,(평일+주말)09:00~18:00,7000원(성인)+5000원(청소년)+4000원(어린이),관람,공용주차장+공용화장실,(주)제주미니미니랜드,064-782-7720,2022-09-30
교래삼다수마을,제주시,조천읍,교래리,제주에코랜드,테마파크,제주특별자치도 제주시 조천읍 남조로 1982,제주특별자치도 제주시 조천읍 교래리 385-1,33.44833468,126.6702819,1322314,,,300,30만평의 곶자왈 원시림을 기차로 체험하는 테마파크,연중무휴,(평일+주말)09:00~18:00,14000원(성인)+12000원(청소년)+10000원(어린이),관람,공용주차장+공용화장실,(주)더원,064-802-8000,2022-09-30
교래삼다수마을,제주시,조천읍,교래리,매드벤처,테마파크,제주특별자치도 제주시 조천읍 남조로 2109-36,제주특별자치도 제주시 조천읍 교래리 786-29,33.45398972,126.657703,,2018-06-20,20,3,"4차산업혁명 기술인 드론을 이용해 드론축구체험, 드론배우기, 드론 비행을 경험할 수 있는 관광 테마파크",연중무휴,(평일+주말)09:00~19:00,15000원(실내드론체험30분),프로그램체험,공용주차장+공용화장실+무료WIFI,(주)매드벤처,,2022-09-30
교래삼다수마을,제주시,조천읍,교래리,교래자연휴양림,휴양림,제주특별자치도 제주시 조천읍 남조로 2023 교래자연휴양림,제주특별자치도 제주시 조천읍 교래리 119,33.44035706,126.6649941,,,,130,전국에서 유일한 곶자왈 생태체험 휴양림,연중무휴,(하절기)07:00~16:00+(동절기)07:00~15:00,1000원(성인)+800원(성인단체)+600원(청소년+군인)+500원(청소년단체+군인단체),휴양+야영,공용주차장+공용화장실+쉼터+무료WIFI,교래자연휴양림,064-783-7482,2022-09-30
대흘1리마을,제주시,조천읍,대흘1리,새미오름,오름,,제주특별자치도 제주시 조천읍 대흘리 산27-1,33.47404839,126.669422,261938,,,,산등성이는 남에서 북으로 곧게 뻗어 있고 서쪽으로 완만하고 평평한 등성마루를 이루면서 남서쪽으로 완만하게 벌어져 말굽형 화구를 이룸,연중무휴,,무료,등반,,제주도청 ,064-120,2022-09-30
대흘1리마을,제주시,조천읍,대흘1리,꾀꼬리오름,오름,,제주특별자치도 제주시 조천읍 대흘리 산33,33.46115159,126.6790997,110674,,,,"자연미를 느낄 수 있으며, 적당한 기슭을 통하여 오를 수 있고 경사는 다소 가파른 편에 속하는 오름",연중무휴,,무료,등반,,제주도청 ,064-120,2022-09-30
대흘2리마을,제주시,조천읍,대흘2리,제원하늘농원,관광농원,제주특별자치도 제주시 조천읍 대흘북길 72-5,제주특별자치도 제주시 조천읍 대흘리 852-1,33.50320283,126.6665037,28099.1736,2015-10-20,,20,"노지감귤과 만감류를 생산하는 농원으로, 귀농귀촌 및 다문화교육을 진행하고 있는 체험형 관광농원",연중무휴,(평일+주말)10:00~18:00,프로그램별 요금 상이,프로그램체험,공용화장실+공용주차장,제원하늘농원,,2022-09-30
북촌리마을,제주시,조천읍,북촌리,북촌포구,항구,제주특별자치도 제주시 조천읍 북촌9길 26-1,제주특별자치도 제주시 조천읍 북촌리 588,33.55019438,126.6941756,,,,,"다려도를 한눈에 볼 수 있고, 마을 충어제를 지내는 신당을 볼 수 있는 곳",연중무휴,,무료,감상,,제주도청 ,064-120,2022-09-30
선흘1리마을,제주시,조천읍,선흘1리,부영농원,관광농원,,제주특별자치도 제주시 조천읍 선흘리 3474,33.51925122,126.6912733,,,,,"노지감귤, 단호박, 콜라비, 홍용과 등을 재배하며, 관광객에게 체험도 제공하는 관광농원",연중무휴,,,프로그램체험,,부영농원,,2022-09-30
선흘1리마을,제주시,조천읍,선흘1리,귤의정원바령,관광농원,,제주특별자치도 제주시 조천읍 선흘리 1396,33.50520118,126.7062006,,,,,"귤밭피크닉, 풋귤따기 체험 등이 가능한 관광농원",연중무휴,,,프로그램체험,,귤의정원바령,,2022-09-30
선흘1리마을,제주시,조천읍,선흘1리,동백동산,숲길,제주특별자치도 제주시 조천읍 동백로 77,제주특별자치도 제주시 조천읍 선흘리 924,33.51644,126.7160356,,,,,1981년 8월 26일 제주특별자치도 기념물 제10호로 지정된 선흘리 동쪽에 있는 넓은 면적의 상록활 엽수 천연림,연중무휴,(평일+주말)09:00~18:00,무료,산책,공용주차장+공용화장실+쉼터,제주시청,064-120,2022-09-30
선흘2리마을,제주시,조천읍,선흘2리,선녀와나무꾼,테마파크,제주특별자치도 제주시 조천읍 선교로 267,제주특별자치도 제주시 조천읍 선흘리 1997,33.47878757,126.7037964,,,,,"어렸을 적 그리운 추억들을 떠올리며, 그 시절 추억을 또다시 느낄 수 있는 테마파크",연중무휴,(평일+주말)09:00~18:00,13000원(성인)+11000원(군경+경로+장애인+유공자+청소년)+10000원(어린이+성인단체)+9000원(군경단체+경로단체+장애인단체+유공자단체)+8000원(청소년단체+어린이단체),관람,공용주차장+공용화장실+쉼터,선녀와나무꾼 테마파크,064-784-9001,2022-09-30
선흘2리마을,제주시,조천읍,선흘2리,캐릭파크,테마파크,제주특별자치도 제주시 조천읍 선교로 266,제주특별자치도 제주시 조천읍 선흘리 266,33.47960359,126.7005404,,2019-07-04,,,"캐릭터 전시장으로 세계의 유명한 캐릭터를 관람하고, 첨단장비가 탑재된 기구를 통해 과학적 원리를 깨우치는 놀이를 체험할 수 있음",연중무휴,(평일+주말)09:00~18:00,11000원(성인+어린이)+8000원(제주도민)+6000원(장애인+경로+유공자+군경),프로그램체험,공용주차장+공용화장실+무료WIFI,캐릭파크,064-784-3500,2022-09-30
선흘2리마을,제주시,조천읍,선흘2리,포레스트 사파리,테마파크,제주특별자치도 제주시 조천읍 선교로 474-1,제주특별자치도 제주시 조천읍 선흘리 1817,33.4630558,126.7095498,,,,54,"동물과 함께 사진을 찍을 수 있는 포토존&힐링존, 다양한 즐거움이 가득한 공룡라이더, 여러 동물들을 만져보고 직접 먹이주기, 동물페인팅까지 체험가능한 테마파크",연중무휴,(평일+주말)10:00~17:30,10000원(성인)+11000원(어린이),관람,공용주차장+공용화장실+쉼터,(주)제주마그마,064-783-0300,2022-09-30
신흥리마을,제주시,조천읍,신흥리,김택화미술관,관람,제주특별자치도 제주시 조천읍 신흥로 1 (우) 63332,제주특별자치도 제주시 조천읍 신흥리 227-5,33.54375033,126.6531558,,,,,일평생 제주의 풍경을 고집스레 그렸던 화가 김택화의 예술세계와 삶의 여정을 담아낸 공간,목요일,(평일+주말)10:00~18:00,4500원(성인)+3000원(청소년+군인)+1500원(어린이+어르신)+무료(7세이하+장애인+국가유공자),관람,공용화장실,김택화미술관,064-900-9097,2022-09-30
신흥리마을,제주시,조천읍,신흥리,신흥해수욕장,해수욕장,,제주특별자치도 제주시 조천읍 신흥리 731-3,33.55177667,126.6487331,,,,,조천읍 신흥리에 위치한 물놀이가 가능한 해수욕장,연중무휴,,,해수욕,,제주도청,064-120,2022-09-30
와흘메밀마을,제주시,조천읍,와흘리,새미동산,관광농원,제주특별자치도 제주시 조천읍 종인내길 133,제주특별자치도 제주시 조천읍 와흘리 2160-3,33.49513275,126.623363,,,,,4계절 꽃테마 재배공원으로 감귤체험 및 알파카 목장체험을 할 수 있는 관광농원,연중무휴,(평일+주말)09:00~18:00,프로그램별 요금 상이,프로그램체험,공용주차장+공용화장실+무료WIFI,새미동산,064-759-0017,2022-09-30
와흘메밀마을,제주시,조천읍,와흘리,제주레포츠랜드,테마파크,제주특별자치도 제주시 조천읍 와흘상서2길 47 제주레포츠랜드,제주특별자치도 제주시 조천읍 와흘리 870,33.48206142,126.6387503,,2020-05-13,,,국제경기 유치 가능 카트 체험장,연중무휴,(평일+주말)09:00~17:00,프로그램별 요금 상이,프로그램체험,공용주차장+공용화장실+무료WIFI,(주)제주레포츠랜드,064-784-8800,2022-09-30
와흘메밀마을,제주시,조천읍,와흘리,서프라이즈테마파크,테마파크,제주특별자치도 제주시 조천읍 남조로 2243,제주특별자치도 제주시 조천읍 와흘리 2988,33.46518842,126.6596222,,,,,폐자원을 재활용하여 예술로 승화시킨 정크 아트 작품을 볼 수 있는 전시장,연중무휴,(평일+주말)09:00~22:00,13000원(성인)+11000원(청소년)+10000원(어린이+경로+군인+장애인+국가유공자),관람,공용주차장+공용화장실+무료WIFI,서프라이즈테마파크,064-783-7272,2022-09-30
조천리마을,제주시,조천읍,조천리,제주항일기념관,박물관,제주특별자치도 제주시 조천읍 신북로 303,제주특별자치도 제주시 조천읍 조천리 1156,33.54160469,126.6428996,,,,90,"제주인의 독립의지를 고스란히 담고 있으며, 제주인의 독립에 대한 발자취를  한자리에서 이해할 수 있도록 구성된 전시관",명절(추석+설날)+명절다음날,(평일+주말)09:00~17:00,무료,관람,공용주차장+공용화장실+쉼터,제주특별자치도 보훈청,064-783-2008,2022-09-30
함덕리마을,제주시,조천읍,함덕리,서우봉,오름,,제주특별자치도 제주시 조천읍 함덕리 169-3,33.54575,126.677505,835758,,,,"서우봉은 봄철에 노란 유채꽃이 만개하는 곳이며, 정상에서는 함덕해변을 한 눈에 조망할 수 있음",연중무휴,,무료,등반,공용화장실+쉼터+공용주차장,제주도청 ,064-120,2022-09-30
함덕리마을,제주시,조천읍,함덕리,함덕해수욕장,해수욕장,제주특별자치도 제주시 조천읍 조함해안로 525,제주특별자치도 제주시 조천읍 함덕리 1004-10,33.54306068,126.6692443,11919,,,,눈부신 모래밭과 맑은 에메랄드 빛의 바다. ‘한국의 몰디브’라는 별칭이 있음,연중무휴,,무료,해수욕,공용화장실+쉼터+공용주차장,제주시청,064-120,2022-09-30
신양1리마을,제주시,추자면 ,신양1리,모진이 몽돌해안,해변,,제주특별자치도 제주시 추자면 신양리 56,33.94571386,126.3343695,,,,,모래없이 몽돌(동글동글한 돌)로만 이루어진 해수욕장,연중무휴,,무료,해수욕,주차장,제주특별자치도 제주시 추자면사무소,064-728-1526,2022-09-30
신양2리마을,제주시,추자면 ,신양2리,섬생이,무인도,,제주특별자치도 제주시 추자면 신양리 산 87,33.93988321,126.311403,,,,,"풍경이 아름다운 무인도로, 낚시하기 좋은 이상적인 장소",연중무휴,,무료,낚시,,제주특별자치도 제주시 추자면사무소,064-728-1526,2022-09-30
예초리마을,제주시,추자면 ,예초리,돈대산,산,,제주특별자치도 제주시 추자면 예초리 산 67-1,33.94821882,126.3229808,,,,,"신양항과 해안마을 전경을 한눈에 볼 수 있는 산으로, 산 중턱에 총 길이 2km의 산책로가 조성되어 있음",연중무휴,,무료,등산,전망대쉼터,제주특별자치도 제주시 추자면사무소,064-728-1526,2022-09-30
예초리마을,제주시,추자면 ,예초리,신대산 전망대,전망대,,제주특별자치도 제주시 추자면 예초리 산 7,33.95466645,126.3411721,,,,,바다가 한눈에 보이는 전망대,연중무휴,,무료,등산,전망대쉼터,제주특별자치도 제주시 추자면사무소,064-728-1526,2022-09-30
고산1리마을,제주시,한경면,고산1리,고산리유적안내센터,문화재,제주특별자치도 제주시 한경면 노을해안로 1100,제주특별자치도 제주시 한경면 고산리 3650-1,33.30414244,126.1661833,,,,,"우리나라에서 가장 오래된 신석기유적, 동시에 후기 구석기시대 석기가 출토되어 한국에서 확인된 바 없는 유물조합상을 띠고 있음, 이 양상은 시베리아, 만주, 일본, 한반도 지역을 포함하는 동북아시아의 초기 신석기 문화연구에 좋은 자료로서 중요한 유적으로 평가되어 국가사적 412호로 지정되었음, 우리나라 가장 오래된 신석기문화를 간직한 제주 고산리 유적을 널리 알리고 살아있는 선사시대 교육장으로 활용하고자 제주 고산리 유적 안내센터를 2018년 07월부터 운영을 시작함,",월요일+일요일,(평일+토요일)09:00~18:00,무료,전시,주차장+화장실,재단법인 제주고고학연구소,0507-1406-0061,2022-09-30
고산1리마을,제주시,한경면,고산1리,차귀도,섬,,제주특별자치도 제주시 한경면 고산리 125,33.31110548,126.1478169,,,,,해안절벽과 기암괴석이 절경을 이루는 제주 최대의 무인도로 천연기념물 제422호로 지정,연중무휴,,무료,관광,주차장+화장실+편의점+음료대+유도 및 안내시설+경보 및 피난시설,,064-772-3224,2022-09-30
고산1리마을,제주시,한경면,고산1리,수월봉,오름,,제주특별자치도 제주시 한경면 고산리 3760,33.29475532,126.1631082,,,,,차귀도로 떨어지는 낙조를 즐길 수 있는 천연기념물 제 513호,연중무휴,,무료,등산,주차장+화장실,제주도청,064-120,2022-09-30
고산1리마을,제주시,한경면,고산1리,엉알해안,해수욕장,,제주특별자치도 제주시 한경면 고산리 3653-3,33.2994146,126.167514,,,,,"엉알해안은 해안절벽이 퇴적층으로 이루어져 있으며 낙조가 아름다운 곳, 유네스코에서 등재한 세계지질공원으로서 올레 12코스에 해당",연중무휴,,무료,산책,,제주시청,064-120,2022-09-30
낙천리아홉굿마을,제주시,한경면,낙천리,낙천아홉굿마을 의자공원,마을공원,제주특별자치도 제주시 한경면 낙수로 97,제주특별자치도 제주시 한경면 낙천리 1913,33.327613,126.226761,,2009-07-31,,,2007년에 시작하여 2년에 걸쳐 주민들 손으로 1천개의 의자를 제작하고 조형물을 설치한 개방형 마을공원,연중무휴,(평일+주말+공휴일)09:00~17:00,무료,공원,주차장+화장실+무료WIFI,아홉굿마을 영농조합법인,064-773-1946,2022-09-30
신창리마을,제주시,한경면,신창리,신창리포구,포구,,제주특별자치도 제주시 한경면 신창리,33.34834788,126.1802941,2469.3,,,,바다마을의 매력을 느낄 수 있는 포구,연중무휴,,무료,관광,,,,2022-09-30
용수리마을,제주시,한경면,용수리,성김대건신부제주표착기념관(용수성지),기념관,제주특별자치도 제주시 한경면 용수1길 108,제주특별자치도 제주시 한경면 용수리 4266,33.32288428,126.1676909,,,,,용수리의 천주교 성지로 천주교를 널리 알리고자 했던 김대건 신부의 의지를 담아 기념할 수 있게 만든 곳,연중무휴(미사시간제외),(평일+주말+공휴일)09:00~18:00,무료,성지순례,주차장+화장실,성김대건신부제주표착기념관,064-772-1252,2022-09-30
용수리마을,제주시,한경면,용수리,당산봉,오름,,제주특별자치도 제주시 한경면 용수리 4705,33.30793943,126.1729521,534135,,,,올레 12코스의 끝자락에 있는 세계지질공원의 명소,연중무휴,,무료,등산,,제주도청,064-120,2022-09-30
용수리마을,제주시,한경면,용수리,당산봉 알봉,오름,,제주특별자치도 제주시 한경면 용수리 2705,33.31156651,126.1706467,,,,,올레 13코스의 끝자락에 있는 세계지질공원의 명소,연중무휴,,무료,등산,,제주도청,064-120,2022-09-30
용수리마을,제주시,한경면,용수리,용수항(용수리포구),포구,,제주특별자치도 제주시 한경면 용수리 4274-1,33.32331052,126.166382,,,,,"한경면 용수리에 위치한 용수항은 어촌마을에서 흔히 볼 수 있는 소규모 어항, 20척 미만의 어선이 정박하며, 용수리포구 또는 용수포구로 불리기도 한다, 제주올레 12코스의 종착지이자 제주올레 13코스의 출발점인 지점",연중무휴,,무료,관람,,,,2022-09-30
저지리마을,제주시,한경면,저지리,방림원,공원,제주특별자치도 제주시 한경면 용금로 864,제주특별자치도 제주시 한경면 저지리 2120-91,33.33711053,126.26852,13223,,,,국내최초 세계 야생화 작품 전시 박물관,연중무휴,(평일+주말+공휴일)09:00~18:00,8000원(성인)+6000원(청소년+어린이+경로+장애인),관람,주차장+화장실+무료WIFI+안내시설,방림원,064-773-0090,2022-09-30
저지리마을,제주시,한경면,저지리,생각하는 정원,공원,제주특별자치도 제주시 한경면 녹차분재로 675,제주특별자치도 제주시 한경면 저지리 1534,33.32550557,126.255015,33064,,,,국가지정 민간정원으로 대한민국 대표정원으로 다양한 체험프로그램이 있음,연중무휴,(평일+주말+공휴일)09:00~18:00,12000원(성인)+10000원(청소년+경로)+7000원(어린이),관람,주차장+화장실+무료WIFI+편의점+음료대,생각하는정원,064-772-3701,2022-09-30
저지리마을,제주시,한경면,저지리,환상숲곶자왈공원,공원,제주특별자치도 제주시 한경면 녹차분재로 594-1,제주특별자치도 제주시 한경면 저지리 2848-2,33.32287346,126.2630437,,,,,제주의 천연 원시림으로 용암이 남긴 신비한 지형 위에서 다양한 동식물들이 함께 살아가는 독특한 생태계가 유지되는 보존 가치가 높은 지역,연중무휴,(평일+토요일)09:00~18:00+(일요일)13:00~18:00,5000원(성인)+4000원(어린이+장애+국가유공자+도보여행자)+3000원(제주도민)+12000원(족욕체험),산책,주차장+화장실,환상숲곶자왈공원,064-772-2488,2022-09-30
저지리마을,제주시,한경면,저지리,저지 예술인마을,관광공원,제주특별자치도 제주시 한경면 저지14길 28,제주특별자치도 제주시 한경면 저지리 2120-116,33.33949783,126.2670446,,,,,독특한 풍광과 전국 예술인들이 모여 형성된 문화예술인촌,연중무휴,,무료,관람,화장실+편의점,제주도청,064-120,2022-09-30
저지리마을,제주시,한경면,저지리,제주현대미술관,미술관,제주특별자치도 제주시 한경면 저지14길 35,제주특별자치도 제주시 한경면 저지리 2114-63,33.33968319,126.265609,,,,,저지문화예술마을에 자리한 현대미술관,월요일+연휴,(평일+주말+공휴일)09:00~18:00,2000원(성인)+1000원(청소년+군인)+500원(어린이)+무료(6세이하+경로+장애인),관람,주차장+무료WIFI+안내시설+피난시설+화장실,제주특별자치도 현대미술관,064-710-7801,2022-09-30
저지리마을,제주시,한경면,저지리,갤러리데이지,미술관,제주특별자치도 제주시 한경면 저지12길 97-12,제주특별자치도 제주시 한경면 저지리 2120-12,33.3378576,126.2675417,,,,,"갤러리는 자연과 어우러지는 독창적이고 예술적인 건축물로 많은 이들로부터 관심과 사랑을 받고 있으며, 국내외 현대미술 작가의 소장할 가치가 있는 작품들을 선보이는 곳",전시회마다상이,,,관람,주차장,gallerydaisy,064-772-4200,2022-09-30
저지리마을,제주시,한경면,저지리,가메창오름,오름,제주특별자치도 제주시 한경면 저지9길 52-8,제주특별자치도 제주시 한경면 저지리 1496,33.32973146,126.248594,17037,,,,"오름의 분화구 모양이 솥 바닥을 닮은 데에서 명칭이 유래했으며 암메 혹은 가마오름이라고 부름, 기슭 일대에 인공적으로 심은 소나무가 우거져 있고, 분화구 주변에는 오래된 소나무가 군락을 이룸",연중무휴,,무료,등산,,제주도청,064-120,2022-09-30
저지리마을,제주시,한경면,저지리,마오름,오름,,제주특별자치도 제주시 한경면 저지리 산55-2,33.33800485,126.243598,38946,,,,"명칭은 모두 오름의 형상이 말과 닮은 데에서 유래하여 마악(馬岳) 또는 마봉(馬峰)이라고도 부름, 오름 전체가 고운 풀밭으로 덮여 있으며 해송이 듬성듬성 자람, 오름 곳곳에 많은 묘가 자리 잡고 있으며 분화구 부근에 과수원이 있음",연중무휴,,무료,등산,,제주도청,064-120,2022-09-30
저지리마을,제주시,한경면,저지리,마중오름,오름,,제주특별자치도 제주시 한경면 저지리 2143-18,33.33448853,126.270717,120340,,,,"마중 오름은 예로부터 머종 오름 또는 머종이 오름으로 부르다가, 머중 오름, 마중 오름 등으로 소리가 변하여 전하고 있음, 마중 오름 북동쪽에는 골프장이 들어서 있으며, 서북쪽에는 저지리 예술인 마을이 들어서 있음",연중무휴,,무료,등산,,제주도청,064-120,2022-09-30
저지리마을,제주시,한경면,저지리,저지오름,오름,,제주특별자치도 제주시 한경면 저지리 산51,33.33271206,126.2509689,379316,,,,"닥몰오름, 새오름, 저지악(楮旨岳) 등 여러 별칭으로 불리는 저지오름은 비교적 가파른 깔때기형 산상 분화구를 갖고 있는 화산체, 산상의 분화구를 중심으로 어느 쪽 사면이나 경사와 거리가 비슷한 둥근 산체를 이루고 있음, 오름 각 사면에는 해송이 주종을 이루며 잡목과 함께 울창한 숲을 이루고 있음",연중무휴,,무료,등산,,제주도청,064-120,2022-09-30
저지리마을,제주시,한경면,저지리,문화예술 공공수장고,전시관,제주특별자치도 제주시 한경면 저지12길 84-2,제주특별자치도 제주시 한경면 저지리 2114-1,33.33722583,126.2645703,,,,,제주 미디어아트 전시관,월요일+연휴,(평일+주말+공휴일)09:20~17:20,2000원(성인)+1000원(청소년+군인)+500원(어린이)+무료(6세이하+경로+장애인),관람,주차장+화장실,제주특별자치도 현대미술관,064-710-7801,2022-09-30
저지리마을,제주시,한경면,저지리,유리의 성,전시관,제주특별자치도 제주시 한경면 녹차분재로 462,제주특별자치도 제주시 한경면 저지리 3135-1,33.3146732,126.2737277,,,,,국내 최대규모의 유리조형예술체험 테마파크,임시휴무(22년12월까지),(평일+주말+공휴일)09:00~19:00,11000원(성인)+9000원(장애인+경로+청소년)+8000원(어린이),관람,주차장+무료WIFI+흡연구역+화장실+음료대+편의점,제주유리의성,064-772-7777,2022-09-30
조수1리마을,제주시,한경면,조수1리,수호농원,관광농원,제주특별자치도 제주시 한경면 용금로 489,제주특별자치도 제주시 한경면 조수리 326-2,33.33643926,126.2319977,,,,,"키위 수확체험, 농산물 강좌, 꿈다락 공유센터를 운영함",연중무휴,(평일+주말+공휴일)10:00~22:00,,체험,단체석+공용주차장+예약+무료WIFI,수호농원,,2022-09-30
조수1리마을,제주시,한경면,조수1리,송아오름,오름,,제주특별자치도 제주시 한경면 조수리 134,33.3356052,126.2385732,30701,,,,오름 일대에 소나무가 많이 자라고 있음에 연유하여 송아오름이라 불리는 오름,연중무휴,,,등산,,제주도청,064-120,2022-09-30
청수농촌체험휴양마을,제주시,한경면,청수리,산양곶자왈,공원,,제주특별자치도 제주시 한경면 청수리 산 6,33.29646688,126.2519525,,,,,곶자왈을 온몸으로 느낄 수 있는 공간,연중무휴,(평일+주말+공휴일+하절기)09:00~18:00+(평일+주말+공휴일+동절기)09:00~17:00,6000원(성인)+5000원(청소년+어린이),산책로,,제주특별자치도 제주시 한경면 청수리사무소,064-773-1950,2022-09-30
청수농촌체험휴양마을,제주시,한경면,청수리,제주평화박물관,박물관,제주특별자치도 제주시 한경면 청수서5길 63,제주특별자치도 제주시 한경면청수리 847,33.30566729,126.2492621,,,,,"일제강점기와 태평양 전쟁 당시의 제주와 전쟁역사를 보관, 전시하고 있는 곳",,(평일+주말+공휴일)08:30~17:00,,관람,공용주차장+화장실+무료WIFI+음료대+경보 및 피난시설,,064-772-2500,2022-09-30
청수농촌체험휴양마을,제주시,한경면,청수리,청수곶자왈,숲,,제주특별자치도 제주시 한경면 청수리 산 4,33.30110693,126.2619706,,,,,제주도내 최대 운문산 반딧불이 서식지,,,,등산,공용주차장,반딧불이마을영농조합법인,064-772-5580,2022-09-30
청수농촌체험휴양마을,제주시,한경면,청수리,가마오름,오름,,제주특별자치도 제주시 한경면 청수리 1202-1,33.30552294,126.2470112,154486,,,,오름의 모양새가 가마를 엎어 놓은 것과 비슷하다 하여 가마오름이라 불리는 오름,연중무휴,,,등산,,제주도청,064-120,2022-09-30
판포리마을,제주시,한경면,판포리,판포오름,오름,,제주특별자치도 제주시 한경면 판포리 935-1,33.35806781,126.2135219,192446,,,,소가 누워있는 모양새의 오름,연중무휴,,,등산,,제주도청,064-120,2022-09-30
판포리마을,제주시,한경면,판포리,비체올린,체험여행,제주특별자치도 제주시 한경면 판조로 253-6,제주특별자치도 제주시 한경면 판포리 725-1,33.34946922,126.2185758,,,5000,41,카약타고 캠핑하고 상상 그 이상의 즐거움이 가득한 국내최초 힐링카약파크,연중무휴,(평일+주말+공휴일)08:40~18:00,14000원(성인개인)+13000원(성인단체+성인도민개인+청소년개인)+12000원(청소년단체+어린이개인+경로개인+장애인개인+국가유공자개인+성인도민단체+청소년도민개인)+11000원(어린이단체+경로단체+장애인단체+국가유공자단체+청소년도민단체+어린이도민개인+경로도민개인+장애인도민개인+국가유공자도민개인)+10000원(어린이도민단체+경로도민단체+장애인도민단체+국가유공자도민단체),레저+체험,단체석+공용주차장+방문접수 및 출장+예약+무료WIFI+반려동물동반+화장실+장애인전용주차장,주식회사 비체올린,064-773-0000,2022-09-30
신창리마을,제주시,한경면 ,신창리,싱계물 공원,공원,,제주특별자치도 제주시 한경면 신창리 1322-1,33.34350419,126.1738465,,,,,제주 숨은 비경 중 하나로 주변 해안풍력발전소와 함께 이국적인 풍경을 볼 수 있는 공원,연중무휴,,무료,공원,,,,2022-09-30
신창리마을,제주시,한경면 ,신창리,벌내물 공원,공원,,제주특별자치도 제주시 한경면 신창리 1321-1,33.34298429,126.174844,,,,,희귀식물 자생지로 자연생태계를 둘러 볼 수 있도록 탐방로와 관광객들이 잠시 쉬고 갈 수 있도록 정자도 마련되어 있음,연중무휴,,무료,공원,,,,2022-09-30
신창리마을,제주시,한경면 ,신창리,신창풍차해안,해수욕장,,제주특별자치도 제주시 한경면 신창리 1323,33.34535043,126.1765471,,,,,제주시 숨은 비경 31곳 중 하나로 풍차6기의 장관을 볼 수 있음,동절기+간절기,,무료,해변,,제주시청,064-120,2022-09-30
귀덕1리마을,제주시,한림읍,귀덕1리,영등할망신화공원,공원,,제주특별자치도 제주시 한림읍 귀덕리 1030-8,33.44361359,126.2926689,,,,,영등할망을 비롯한 다양한 스토리를 지닌 석상을 마주할 수 있는 공간임,연중무휴,,,산책로,,,064-728-7614,2022-09-30
귀덕1리마을,제주시,한림읍,귀덕1리,귀덕연대,문화재,제주특별자치도 제주시 한림읍 귀덕14길 14-5,제주특별자치도 제주시 한림읍 귀덕리 1118,33.44258234,126.2932499,,,,,"귀덕초등학교 북쪽에 위치하며, 횃불과 연기를 이용하여 정치·군사적으로 급한 소식을 전하던 통신수단을 말함",연중무휴,,,관람,,제주도청,064-120,2022-09-30
귀덕2리마을,제주시,한림읍,귀덕2리,이랜드뮤지엄,박물관,제주특별자치도 제주시 한림읍 한림해안로 530 ,제주특별자치도 제주시 한림읍 귀덕리 3861,33.43585803,126.2743892,,,,,"헐리우드 영화와 관련된 세계 최고, 최대의 컬렉션을 바탕으로, 영화의 제작 과정과 배우, 감독, 시상식에 관련한 진품들을 소유하고 있는 박물관",월요일,(평일+주말+공휴일)09:00~18:00,3000원,전시,무료WIFI+화장실,이랜드뮤지엄,064-796-9608,2022-09-30
금능리마을,제주시,한림읍,금능리,배령연대,문화재,,제주특별자치도 제주시 한림읍 금능리 1603,33.38845501,126.2234075,,,,,제주특별자치도 제주시 한림읍 금능리에 있는 조선 시대 명월진 소속의 연대,연중무휴,,무료,,,제주시청,064-120,2022-09-30
금능리마을,제주시,한림읍,금능리,금능석물원,테마파크,제주특별자치도 제주시 한림읍 한림로 176,제주특별자치도 제주시 한림읍 금능리 1282-9,33.38485201,126.2268329,,,,,똑같이 생긴 하르방만 본 여행객들에게 제주 석물의 진수를 감상할 수 있게 하는 곳,연중무휴,(평일+주말+공휴일)08:30~17:30,4000원(성인)+3000원(청소년)+무료(어린이),공원,주차장+화장실,금능석물원,064-796-3360,2022-09-30
금능리마을,제주시,한림읍,금능리,금능포구,페리,,제주특별자치도 제주시 한림읍 금능리 1494-12,33.38965652,126.2281284,,,,,에메랄드 빛 바다 위 평화로운 포구,연중무휴,,무료,어선정박,주차장+화장실,,064-728-7672,2022-09-30
금능리마을,제주시,한림읍,금능리,금능해수욕장,해수욕장,,제주특별자치도 제주시 한림읍 금능리 2036-2,33.39043486,126.2358922,,,,94,"전통어로 체험이 가능한 은빛 해수욕장 , 바닥이 훤히 비치는 투명한 물빛과 바닷물이 찰박거리는 얕은 수심, 물놀이 후 따뜻하게 즐기는 온수 샤워까지 아이들과 다녀오기에 최적의 조건을 갖춘 해수욕장",동절기+간절기,,무료,해변,공용주차장+화장실+편의점+음료대+유도 및 안내시설+탈의실+샤워실,금능종합상황실,064-728-3983,2022-09-30
금악리마을,제주시,한림읍,금악리,탐나라공화국(제주남이섬),관람,제주특별자치도 제주시 한림읍 한창로 897 ,제주특별자치도 제주시 한림읍 금악리 81-8,33.33451741,126.3256942,,,,,남이섬 신화의 주인공 강우현 대표의 또 다른 상상나라,연중무휴,(평일+주말+공휴일)10:00~18:00,10000원(성인당일비자+어린이1년여권)+20000원(성인1년여권)+5000원(어린이당일비자),,주차장+무료WIFI+반려동물동반+화장실,탐나라상상그룹㈜,064-772-2878,2022-09-30
금악리마을,제주시,한림읍,금악리,금오름(왕매),오름,,제주특별자치도 제주시 한림읍 금악리 산1-1,33.35456304,126.3057906,613966,,,,비교적 평탄한 지형에 오롯이 서있는 모습이 꽤나 고매하게 느껴지는 오름,연중무휴,(평일+주말+공휴일)00:00~24:00,무료,산책로,주차장,제주도청,064-120,2022-09-30
금악리마을,제주시,한림읍,금악리,성클라라수도원 금악성당,자연명소,제주특별자치도 제주시 한림읍 금악북로 320,제주특별자치도 제주시 한림읍 금악리 373,33.34852479,126.3192642,,,,,성클라라수도원에 부속된 성당,연중무휴,,무료,성당,주차장,성클라라수도원,064-796-4180,2022-09-30
금악리마을,제주시,한림읍,금악리,성이시돌목장,자연목장,제주특별자치도 제주시 한림읍 산록남로 53,제주특별자치도 제주시 한림읍 금악리 116,33.345978,126.321611,,1961-11-30,,,선교사로 온 맥그린치 신부가 개간한 곳으로 테쉬폰이라는 독특한 건축물을 볼 수 있는 곳,연중무휴,,무료,농공시설,주차장+화장실,성이시돌목장,064-796-0396,2022-09-30
명월리마을,제주시,한림읍,명월리,명월팽나무군락,기념물,제주특별자치도 제주시 한림읍 명월로 71,제주특별자치도 제주시 한림읍 명월리 1767-1,33.38700045,126.2666354,,1974-04-03,,,"생물학적 가치가 높아 기념물로 지정하여 보호되는 곳, 제주시 한림읍 명월리 · 제주도기념물 제19호",연중무휴,,무료,자연유산,,제주도청,064-120,2022-09-30
명월리마을,제주시,한림읍,명월리,명월성지,문화유적지,,제주특별자치도 제주시 한림읍 명월리 2237-5,33.399402,126.2628605,,1976-09-09,,,제주특별자치도 제주시 한림읍 명월리에 있는 조선시대의 성터,연중무휴,,무료,문화재,주차장,세계유산본부,064-710-6704,2022-09-30
명월리마을,제주시,한림읍,명월리,프랑스샤르망,박물관,제주특별자치도 제주시 한림읍 명상로 37,제주특별자치도 제주시 한림읍 명월리 384,33.3746227,126.2810824,,2018-11-17,,4,"프랑스 미술품, 골동품 등을 무료로 만날 수 있는 창고형 미술관",일요일,(평일+주말+공휴일)10:00~18:00,무료,전시박물관,공용주차장+현금결제+화장실+편의점,제주프랑스문화원,064-796-4467,2022-09-30
명월리마을,제주시,한림읍,명월리,명월국민학교,카페,제주특별자치도 제주시 한림읍 명월로 48,제주특별자치도 제주시 한림읍 명월리 1734,33.38872329,126.2648664,815.1,2018-09-20,,,"폐교가 마을청년회의 운영을 통해 카페와 갤러리로 재탄생된 곳, 휴무 및 특이사항은 인스타 공지 확인 및 전화문의",연중무휴,(평일+주말+공휴일)11:00~18:00,6500원(너에게사과+에이드 3종+명월차+티라미수라떼),카페,화장실+주차장+무료WIFI,제주특별자치도 제주시 한림읍 명월리사무소,070-8803-1955,2022-09-30
비양리마을,제주시,한림읍,비양리,비양도,섬,,제주특별자치도 제주시 한림읍 협재리 산 100-1,33.4094482,126.2269778,500000,,,,천 년의 시간을 간직한 섬,연중무휴,(평일+주말+공휴일)09:20~15:36,4500원(성인)+4000원(성인도민)+2500원(어린이+어린이도민)+2250원(국가유공자+장애인)+무료(비양도주민),관람,화장실,,,2022-09-30
상명리마을,제주시,한림읍,상명리,새시물,연못,,제주특별자치도 제주시 한림읍 상명리 2361,33.36141089,126.2700627,2,,8,0,상명리 주민들의 식수로 쓰였던 마을 샘터,연중무휴,,무료,정자,,제주특별자치도 제주시 한림읍 상명리사무소,064-796-3837,2022-09-30
상명리마을,제주시,한림읍,상명리,느지리오름,오름,,제주특별자치도 제주시 한림읍 상명리 산 5,33.36655853,126.2615984,332844,,,24,"상명리의 옛 이름인 느지리에서 유래했다 높이 225m, 둘레 2,609m, 총면적 33만 2844㎡ 규모의 기생 화산",연중무휴,,무료,산책로,화장실+주차장,제주도청,064-120,2022-09-30
수원리마을,제주시,한림읍,수원리,테우마을 수원리 농어촌체험마을,체험마을,제주특별자치도 제주시 한림읍 한림해안로 271,제주특별자치도 제주시 한림읍 수원리 724-2,33.4254602,126.2643903,1143.5,,100,15,쪽빛 바다와 푸른 작물을 품에 안은 마을,연중무휴,(평일+주말+공휴일)10:00~16:30,12000원(테우낚시체험성인)+10000원(테우낚시체험학생)+80000원(스쿠버다이빙체험),낚시체험,화장실+주차장,제주특별자치도 제주시 한림읍 수원리사무소,064-796-7222,2022-09-30
수원리마을,제주시,한림읍,수원리,대수포구,항구,,제주특별자치도 제주시 한림읍 수원리 724-5,33.42542122,126.2635197,3121.3,,,15,비양도가 보이는 작고 아담한 포구,연중무휴,,무료,어선정박,공용주차장,제주특별자치도 제주시 한림읍 수원리사무소,064-796-7222,2022-09-30
월령리마을,제주시,한림읍,월령리,진아영 할머니 집터,기념관,제주특별자치도 제주시 한림읍 월령1길 22,제주특별자치도 제주시 한림읍 월령리 381,33.37596454,126.2146182,90,2008-02-15,,0,총탄에 턱을 맞고 쓰러진 뒤 무명천으로 턱을 가린 채 후유증으로 삶을 살아가셨던 진아영 할머니의 집터,연중무휴,,무료,4.3 기념관,,제주주민자치연대,064-722-2701,2022-09-30
월령리마을,제주시,한림읍,월령리,월령선인장자생지,천연기념물,제주특별자치도 제주시 한림읍 월령3길 27-4,제주특별자치도 제주시 한림읍 월령리 359-4,33.3778766,126.2154392,5020.53,2001-09-01,,,이국적인 분위기를 풍기는 선인장 군락지,연중무휴,,무료,산책로,공용주차장,제주시청,064-120,2022-09-30
월령리마을,제주시,한림읍,월령리,월령포구,페리,,제주특별자치도 제주시 한림읍 월령리 317-1,33.37857162,126.2162792,2933,,,,"올레길, 선인장, 바다, 풍력발전기까지 한눈에 담을 수 있는 항구",연중무휴,,무료,어선정박,공용주차장,제주특별자치도 제주시 한림읍 월령리사무소,064-796-2589 ,2022-09-30
월림리마을,제주시,한림읍,월림리,제주도립김창열미술관,미술관,제주특별자치도 제주시 한림읍 용금로 883-5,제주특별자치도 제주시 한림읍 월림리 115-23,33.33906111,126.2686675,,,,,작가 김창열 화백의 정신을 기리기 위한 도립미술관,월요일,(평일+주말+공휴일)09:00~18:00,2000원(성인)+1000원(청소년+군인)+500원(어린이)+무료(6세이하+65세이상),공연+전시,공용주차장+현금결제+카드결제+화장실+무료WIFI+유도 및 안내시설+경보 및 피난시설,제주도립김창열미술관,064-710-4150,2022-09-30
월림리마을,제주시,한림읍,월림리,제주카트클럽,카트장,제주특별자치도 제주시 한림읍 중산간서로 3853,제주특별자치도 제주시 한림읍 월림리 341-2,33.34771558,126.2559996,,,,,남녀노소 누구나 스피드를 즐길 수 있는 카트체험장,연중무휴,(평일+주말+공휴일)09:00~19:00,25000원(1인용)+35000원(2인용),카트체험,공용주차장+화장실,제주카트클럽,064-772-5080,2022-09-30
월림리마을,제주시,한림읍,월림리,더마파크,테마파크,제주특별자치도 제주시 한림읍 월림7길 155,제주특별자치도 제주시 한림읍 월림리 산 8,33.35413655,126.2443234,,,,100,말전문 테마공원으로 기마공연과 함께 고품격승마등 볼거리와 즐길 거리가 함께 있는 체험형 테마공원,연중무휴,(평일+주말+공휴일)09:00~17:00,20000원(공연관람성인)+18000원(공연관람청소년)+15000원(공연관람어린이)+12000원(승마A코스)+25000원(카트체험1인승)+35000원(카트체험2인승),승마공연 및 승마체험,공용주차장+화장실+무료WIFI+편의점+경보 및 피난시설+엘리베이터,라온더마파크,064-795-8080,2022-09-30
협재리마을,제주시,한림읍,협재리,협재굴,동굴,,제주특별자치도 제주시 한림읍 협재리 2600,33.38700576,126.2401674,,,,,천연기념물 236호로 세계 제3대 불가사의 동굴로 꼽히는 용암동굴,연중무휴,(평일+주말+공휴일+하절기)09:00~17:50+(평일+주말+공휴일+동절기)09:00~16:30+(평일+주말+공휴일+간절기)09:00~17:20,12000원(성인개인)+10000원(경로개인+성인단체+성인도민)+9000원(경로단체+경로도민)+8000원(청소년개인)+7000원(청소년단체+어린이개인)+6000원(청소년도민+어린이단체)+5500원(어린이도민),관람,공용주차장+현금결제+카드결제+화장실+무료WIFI+흡연구역+편의점+음료대+유도 및 안내시설,주식회사 한림공원,064-796-0001,2022-09-30
협재리마을,제주시,한림읍,협재리,쌍용굴,동굴,,제주특별자치도 제주시 한림읍 협재리 2600,33.38645108,126.2408708,,,,,한림공원 내에 위치한 두 마리의 용이 빠져 나온 것 같다고 하여 이름 붙여진 쌍용굴,연중무휴,(평일+주말+공휴일+하절기)09:00~17:50+(평일+주말+공휴일+동절기)09:00~16:30+(평일+주말+공휴일+간절기)09:00~17:20,12000원(성인개인)+10000원(경로개인+성인단체+성인도민)+9000원(경로단체+경로도민)+8000원(청소년개인)+7000원(청소년단체+어린이개인)+6000원(청소년도민+어린이단체)+5500원(어린이도민),관람,공용주차장+현금결제+카드결제+화장실+무료WIFI+흡연구역+편의점+음료대+유도 및 안내시설,주식회사 한림공원,064-796-0001,2022-09-30
협재리마을,제주시,한림읍,협재리,황금굴,동굴,,제주특별자치도 제주시 한림읍 협재리 2600,33.38675319,126.2416205,,,,,원형보존이 잘 되어 있고 희귀한 용암굴,연중무휴,(평일+주말+공휴일+하절기)09:00~17:50+(평일+주말+공휴일+동절기)09:00~16:30+(평일+주말+공휴일+간절기)09:00~17:20,12000원(성인개인)+10000원(경로개인+성인단체+성인도민)+9000원(경로단체+경로도민)+8000원(청소년개인)+7000원(청소년단체+어린이개인)+6000원(청소년도민+어린이단체)+5500원(어린이도민),관람,공용주차장+현금결제+카드결제+화장실+무료WIFI+흡연구역+편의점+음료대+유도 및 안내시설,주식회사 한림공원,064-796-0001,2022-09-30
협재리마을,제주시,한림읍,협재리,한림공원,식물원,제주특별자치도 제주시 한림읍 한림로 300,제주특별자치도 제주시 한림읍 협재리 2487,33.38900322,126.2402387,,,,,10만 평 대지 위에 펼쳐지는 환상적인 10가지 테마파크,연중무휴,(평일+주말+공휴일+하절기)09:00~17:50+(평일+주말+공휴일+동절기)09:00~16:30+(평일+주말+공휴일+간절기)09:00~17:20,12000원(성인개인)+10000원(경로개인+성인단체+성인도민)+9000원(경로단체+경로도민)+8000원(청소년개인)+7000원(청소년단체+어린이개인)+6000원(청소년도민+어린이단체)+5500원(어린이도민),포토스팟,공용주차장+현금결제+카드결제+화장실+무료WIFI+흡연구역+편의점+음료대+유도 및 안내시설,주식회사 한림공원,064-796-0001,2022-09-30
협재리마을,제주시,한림읍,협재리,협재포구,포구,,제주특별자치도 제주시 한림읍 협재리 1458-2,33.39910072,126.2438806,,,,,비양도가 보이는 포구,연중무휴,,,관람,,,,2022-09-30
협재리마을,제주시,한림읍,협재리,협재해수욕장,해수욕장,,제주특별자치도 제주시 한림읍 협재리 2447,33.39379081,126.2391598,,,,120,"비양도, 은모래, 바다가 그려낸 그림같이 아름다운 해변",연중무휴,,,물놀이,공용주차장+화장실+편의점+음료대+유도 및 안내시설+경보 및 피난시설,,064-728-3981,2022-09-30
금능리마을,제주시,한림읍 ,금능리,금능원담축제,축제,,제주특별자치도 제주시 한림읍 금능리 2036-2,33.39043486,126.2358922,,,,,오늘날 사라져가는 원담을 널리 알리고 보존하기 위한 축제,동절기+간절기,,무료,,주차장+화장실,금능원담축제추진위원회,,2022-09-30
금악리마을,제주시,한림읍 ,금악리,힐하우스 스파,온천+스파,제주특별자치도 제주시 한림읍 한창로 925-122,제주특별자치도 제주시 한림읍 금악리 84-1,33.33596344,126.3123479,,,,10,더힐하우스스파는 블랙스톤 골프호텔 단지 내에 위치하고 있으며 편안한 분위기와 현대식 시설을 갖춘 전문 스파,연중무휴,(평일+주말+공휴일)11:00~22:00,187000원(골퍼스핸디캡)+236000원(아로마틱스파80분+스톤에너지80분)+256000원(바디에센셜80분+림파틱80분)+420000원(디톡스랩120분+안티셀룰라이트랩),스파,주차장+무료WIFI+화장실,더힐하우스,0507-1322-2380,2022-09-30
